date,bsi_man,bsi_all,man_pmi_us,ext_yoy,ppi_yoy,cpi_yoy,m2_yoy,cli_yoy_b,cli_yoy_i,cli_oecd_yoy_i
2021-02-28 0:00,81,76,60.8,9.2,2.1,1.1,10.7,6.3,6.0,2.6
2021-01-31 0:00,78,77,58.7,11.4,0.9,0.6,10.1,6.2,5.6,2.3
2020-12-31 0:00,74,75,60.5,12.4,0.2,0.5,9.8,5.9,5.4,2.1
2020-11-30 0:00,76,78,57.7,3.9,-0.3,0.6,9.7,5.6,5.4,1.9
2020-10-31 0:00,73,74,58.8,-3.8,-0.5,0.1,9.7,5,5.2,1.7
2020-09-30 0:00,63,64,55.7,7.3,-0.4,1,9.2,4.6,5.2,1.5
2020-08-31 0:00,66,66,55.6,-10.2,-0.5,0.7,9.5,4.1,4.9,1.1
2020-07-31 0:00,63,62,53.7,-7.1,-0.8,0.3,10,3.6,4.3,0.8
2020-06-30 0:00,57,56,52.2,-10.8,-1,0,9.9,3.2,3.7,0.4
2020-05-31 0:00,52,53,43.1,-23.8,-1.8,-0.3,9.9,2.9,3.1,0.2
2020-04-30 0:00,55,51,41.7,-25.6,-1.7,0.1,9.1,3.1,3.1,0.0
2020-03-31 0:00,57,54,49.7,-1.8,-0.5,1,8.4,3.2,3.3,-0.2
2020-02-29 0:00,70,65,50.3,3.6,0.7,1.1,8.2,3.8,2.9,-0.2
2020-01-31 0:00,79,75,51.1,-6.6,1.1,1.5,7.8,3.8,2.9,-0.3
2019-12-31 0:00,81,76,47.7,-5.3,0.7,0.7,7.9,3.5,2.7,-0.5
2019-11-30 0:00,80,74,48.2,-14.5,-0.1,0.2,7.7,3,2.0,-0.6
2019-10-31 0:00,77,73,48.3,-15,-0.7,0,7.5,2.4,1.5,-0.8
2019-09-30 0:00,76,72,48.3,-11.9,-0.8,-0.4,7.6,2,1.0,-0.9
2019-08-31 0:00,77,69,48.4,-14,-0.6,0,6.8,1.8,0.7,-1.0
2019-07-31 0:00,77,73,51,-11.1,-0.3,0.6,6.6,1.7,0.4,-1.1
2019-06-30 0:00,79,74,51.3,-13.8,0.1,0.7,6.7,1.9,0.5,-1.1
2019-05-31 0:00,80,73,52.2,-9.8,0.4,0.7,6.6,1.9,0.8,-1.1
2019-04-30 0:00,81,74,53.6,-2.1,0.6,0.6,6.6,1.9,1.2,-1.1
2019-03-31 0:00,79,73,55.3,-8.4,0.5,0.4,6.8,1.8,0.9,-1.1
2019-02-28 0:00,78,69,54.2,-11.3,0.1,0.5,6.2,1.7,1.7,-1.1
2019-01-31 0:00,80,69,55.7,-6.2,0.4,0.8,6.5,1.8,2.2,-1.2
2018-12-31 0:00,81,72,54.8,-1.7,0.9,1.3,6.8,1.8,2.3,-1.4
2018-11-30 0:00,83,74,58.7,3.6,1.5,2,6.8,2,2.5,-1.5
2018-10-31 0:00,80,73,58.3,22.5,2.1,2,6.8,2.3,2.8,-1.7
2018-09-30 0:00,81,75,59.5,-8.1,2.5,2.1,6.4,2.5,3.1,-1.7
2018-08-31 0:00,82,74,60.4,8.7,2.9,1.4,6.7,2.7,3.0,-1.8
2018-07-31 0:00,83,75,58,6.1,2.9,1.1,6.7,3.2,3.5,-1.9
2018-06-30 0:00,87,80,59.7,-0.4,2.5,1.5,6.1,3.3,3.7,-1.9
2018-05-31 0:00,87,81,58.9,12.8,2.1,1.5,5.9,3.5,4.1,-1.8
2018-04-30 0:00,84,79,58.6,-2,1.5,1.5,5.7,3.5,4.3,-1.7
2018-03-31 0:00,82,77,59.2,5.5,1.2,1.2,5.8,4,4.7,-1.6
2018-02-28 0:00,86,77,60.8,3.1,1.2,1.3,6.2,4.3,4.8,-1.3
2018-01-31 0:00,87,78,59.4,22.3,1.2,0.8,5.5,4.6,4.6,-1.1
2017-12-31 0:00,90,81,59.2,8.8,2.2,1.4,4.7,4.6,4.7,-0.7
2017-11-30 0:00,89,80,57.9,9.7,3,1.2,4.8,4.8,5.1,-0.4
2017-10-31 0:00,86,78,58.6,6.7,3.6,1.8,4.7,5,5.1,0.0
2017-09-30 0:00,88,81,59.9,34.9,3.8,2,4.6,5.2,5.2,0.3
2017-08-31 0:00,86,77,58.5,17.4,3.3,2.5,4.6,5.5,5.8,0.6
2017-07-31 0:00,87,78,56.5,19.4,3,2.2,5.1,5.6,5.9,0.8
2017-06-30 0:00,87,77,56.1,13.4,2.8,1.8,5.9,5.5,5.9,1.0
2017-05-31 0:00,87,80,56.4,13.1,3.4,2,6.1,5.2,5.5,1.2
2017-04-30 0:00,91,80,55.7,23.8,3.8,2,6.6,5,5.4,#N/A
2017-03-31 0:00,88,78,56.8,13.1,4.3,2.3,6.2,4.8,5.3,#N/A
2017-02-28 0:00,86,74,57.7,20.2,4.3,2.1,5.9,4.7,5.2,#N/A
2017-01-31 0:00,85,74,55.7,11,3.9,2.2,6.9,4.5,4.7,#N/A
2016-12-31 0:00,86,73,54.2,6.3,1.8,1.3,7.5,4.4,4.3,#N/A
2016-11-30 0:00,84,73,53.3,2.3,0.7,1.5,7.3,4.1,3.8,#N/A
2016-10-31 0:00,80,71,51.8,-3.2,-0.1,1.5,7.1,4,3.8,#N/A
2016-09-30 0:00,81,72,51,-6,-1.1,1.3,6.9,3.9,3.8,#N/A
2016-08-31 0:00,80,72,49.7,2.6,-1.8,0.5,7.2,3.6,3.8,#N/A
2016-07-31 0:00,81,71,52.4,-10.5,-2.5,0.4,6.9,3.4,3.7,#N/A
2016-06-30 0:00,80,71,52.4,-2.9,-2.7,0.7,7.1,3.3,3.4,#N/A
2016-05-31 0:00,78,71,51.3,-6.1,-3,0.8,6.7,3.4,3.4,#N/A
2016-04-30 0:00,82,70,51,-11.1,-3,1,7,3.4,3.6,#N/A
2016-03-31 0:00,79,68,51.4,-8.2,-3.3,0.8,7.8,3.4,3.7,#N/A
2016-02-29 0:00,75,63,49.2,-13.4,-3.4,1.1,8.3,3.6,3.9,#N/A
2016-01-31 0:00,76,67,47.5,-19.6,-3.3,0.6,8.1,4,4.3,#N/A
2015-12-31 0:00,77,69,48.8,-14.3,-4,1.1,7.5,4.4,4.8,#N/A
2015-11-30 0:00,79,69,49.1,-5,-4.7,0.8,7.7,4.7,5.1,#N/A
2015-10-31 0:00,81,73,49,-16,-4.6,0.8,8.8,4.8,5.0,#N/A
2015-09-30 0:00,79,69,50,-8.5,-4.6,0.5,9.4,4.7,5.0,#N/A
2015-08-31 0:00,78,69,50,-15.2,-4.5,0.7,9.2,4.6,4.9,#N/A
2015-07-31 0:00,79,70,51.9,-5.2,-4.1,0.7,9.3,4.6,4.9,#N/A
2015-06-30 0:00,74,66,52.6,-2.7,-3.6,0.7,9,4.6,4.9,#N/A
2015-05-31 0:00,83,75,52.7,-11,-3.5,0.6,9.3,4.7,4.8,#N/A
2015-04-30 0:00,88,78,52.1,-8,-3.6,0.4,9,4.4,4.5,#N/A
2015-03-31 0:00,83,74,52.3,-4.6,-3.7,0.5,8.3,4.4,4.4,#N/A
2015-02-28 0:00,84,71,53.1,-3.4,-3.6,0.6,8,4.2,4.2,#N/A
2015-01-31 0:00,84,71,54,-1,-3.6,1,8,4.2,4.0,#N/A
2014-12-31 0:00,83,71,55.7,3.1,-2.1,0.8,8.1,3.9,3.8,#N/A
2014-11-30 0:00,82,71,56.3,-2.7,-0.9,1,8.3,3.9,4.0,#N/A
2014-10-31 0:00,81,69,56.2,2.3,-0.8,1.1,7.5,3.9,4.1,#N/A
2014-09-30 0:00,80,72,55.7,6.3,-0.5,1.1,7.1,4,4.2,#N/A
2014-08-31 0:00,80,70,56.3,-0.4,-0.2,1.4,7.6,3.8,3.7,#N/A
2014-07-31 0:00,81,70,55.1,5.2,0.2,1.6,6.5,3.7,3.7,#N/A
2014-06-30 0:00,81,71,55,2.4,0.1,1.7,6.1,4,3.9,#N/A
2014-05-31 0:00,84,74,55.7,-1.5,0,1.7,6,4,4.5,#N/A
2014-04-30 0:00,86,77,56.6,8.9,-0.3,1.5,5.5,4.2,4.6,#N/A
2014-03-31 0:00,83,75,55.9,3.7,-0.5,1.3,5.5,4.2,4.5,#N/A
2014-02-28 0:00,83,74,55,1.4,-0.9,1,5.2,4.4,4.7,#N/A
2014-01-31 0:00,83,72,52.5,-0.2,-0.3,1.1,5.2,4.5,4.7,#N/A
2013-12-31 0:00,82,73,56.5,6.9,-0.4,1.1,5.3,4.5,4.6,#N/A
2013-11-30 0:00,83,74,55.5,0.2,-0.9,1.2,5.1,4.3,4.6,#N/A
2013-10-31 0:00,81,75,54.6,7.2,-1.4,0.9,4.7,4.1,4.5,#N/A
2013-09-30 0:00,82,72,54.6,-1.7,-1.8,1,4.6,4,4.3,#N/A
2013-08-31 0:00,81,70,54,7.6,-1.3,1.5,3.9,4.2,4.4,#N/A
2013-07-31 0:00,82,70,53.8,2.6,-1,1.6,4.6,4,4.1,#N/A
2013-06-30 0:00,83,74,51.1,-1,-1.4,1.2,4.9,3.9,3.7,#N/A
2013-05-31 0:00,83,73,50.8,3.1,-2.6,1.1,4.8,3.5,3.3,#N/A
2013-04-30 0:00,83,73,51,0.1,-2.8,1.3,5.1,3.3,3.1,#N/A
2013-03-31 0:00,80,71,51.9,0,-2.4,1.5,5,3.4,3.2,#N/A
2013-02-28 0:00,80,68,54.2,-8.6,-1.6,1.6,5.3,3.3,3.3,#N/A
2013-01-31 0:00,78,69,53.3,10.9,-1.6,1.6,4.8,3.4,3.7,#N/A
2012-12-31 0:00,78,68,50.1,-6,-1.2,1.4,4.5,3.3,3.9,#N/A
2012-11-30 0:00,78,66,48,3.9,-0.9,1.6,4.4,3.1,3.7,#N/A
2012-10-31 0:00,79,68,50.5,1,-0.5,2.1,4.6,2.9,3.5,#N/A
2012-09-30 0:00,81,68,50.8,-2.4,0.2,2.1,5.2,2.9,3.1,#N/A
2012-08-31 0:00,84,69,49,-6,-0.1,1.3,5.7,3,3.0,#N/A
2012-07-31 0:00,84,69,49.6,-8.7,-0.6,1.5,6,3.1,2.9,#N/A
2012-06-30 0:00,91,78,49.5,0.9,0,2.2,5.9,3,3.0,#N/A
2012-05-31 0:00,93,82,53.2,-1,1,2.5,5.5,2.8,2.8,#N/A
2012-04-30 0:00,92,82,55.2,-5,1.8,2.6,5.5,2.9,2.7,#N/A
2012-03-31 0:00,92,81,53.5,-1.5,2.4,2.7,5.7,2.6,2.2,#N/A
2012-02-29 0:00,89,79,53.3,20.4,3.2,3,5.3,2.3,1.9,#N/A
2012-01-31 0:00,88,78,54.2,-7.3,3.2,3.3,4.8,1.8,1.8,#N/A
2011-12-31 0:00,91,81,53,8.2,4.3,4.2,4.4,1.6,2.0,#N/A
2011-11-30 0:00,93,80,51.8,11.5,5.1,4.2,4.4,1.5,2.0,#N/A
2011-10-31 0:00,95,82,51.4,7.6,5.8,3.6,4.4,1.6,2.0,#N/A
2011-09-30 0:00,94,82,53.7,18,6.3,3.8,4.2,1.8,1.9,#N/A
2011-08-31 0:00,92,81,52.6,25.5,6.9,4.7,4,2.1,2.0,#N/A
2011-07-31 0:00,98,87,52.9,21.1,7,4.5,3.2,2.4,2.3,#N/A
2011-06-30 0:00,102,88,55.8,11.1,7.2,4.2,3,2.4,2.4,#N/A
2011-05-31 0:00,101,90,54.8,21.7,7.5,3.9,3.7,2.4,2.5,#N/A
2011-04-30 0:00,103,92,57.9,23.5,8.1,3.8,3.9,2.5,2.6,#N/A
2011-03-31 0:00,97,87,58.4,28.8,8.2,4.1,5,2.9,2.9,#N/A
2011-02-28 0:00,95,84,59.2,16.4,7.4,3.9,5,3.2,3.0,#N/A
2011-01-31 0:00,99,87,59.1,44.7,6.8,3.4,6.5,3.2,2.7,#N/A
2010-12-31 0:00,100,90,56.6,22.6,4.7,3,7.2,2.9,2.3,#N/A
2010-11-30 0:00,101,90,57.3,21.4,4.2,3,7.4,3,2.6,#N/A
2010-10-31 0:00,101,89,56.9,27.6,4.2,3.7,7.6,3.4,3.3,#N/A
2010-09-30 0:00,99,88,55.3,16.2,3,3.4,8.1,4.2,4.3,#N/A
2010-08-31 0:00,102,88,56.4,26,2.5,2.7,8.5,4.8,4.9,#N/A
2010-07-31 0:00,107,93,56.1,26.7,2.8,2.5,9.3,5.3,5.3,#N/A
2010-06-30 0:00,104,94,56.5,30.5,3.7,2.7,9.7,5.7,5.4,#N/A
2010-05-31 0:00,107,95,57.4,39.8,3.3,2.7,9.3,6.2,6.5,#N/A
2010-04-30 0:00,107,94,58.1,29.6,1.7,2.6,9.4,6.6,7.2,#N/A
2010-03-31 0:00,102,89,58.8,33.8,1.1,2.5,9.4,7.1,8.6,#N/A
2010-02-28 0:00,101,89,55.5,30.1,1.1,3,9.4,7.5,9.1,#N/A
2010-01-31 0:00,100,89,56.3,45.4,1.6,3.5,9.3,7.9,9.5,#N/A
2009-12-31 0:00,100,89,55.8,32.8,1.8,2.8,9.3,8,9.1,#N/A
2009-11-30 0:00,95,85,55.4,17.9,-0.4,2.4,9.7,7.9,8.4,#N/A
2009-10-31 0:00,96,88,57.6,-8.5,-3.1,2,10.5,7.2,7.2,#N/A
2009-09-30 0:00,92,84,54.9,-9.4,-2.5,2.2,10,6.5,6.3,#N/A
2009-08-31 0:00,87,81,53.4,-20.9,-3,2.2,10,6,5.9,#N/A
2009-07-31 0:00,84,78,49.7,-22.1,-3.9,1.6,9.7,5.4,5.6,#N/A
2009-06-30 0:00,85,77,46.3,-13.6,-3.1,2,9.6,4.8,5.0,#N/A
2009-05-31 0:00,83,74,44.1,-29.4,-1.3,2.7,9.9,3.6,3.6,#N/A
2009-04-30 0:00,79,69,39.9,-19.9,1.5,3.6,10.6,2.6,2.8,#N/A
2009-03-31 0:00,69,58,37.2,-22.5,3.5,3.9,11.4,1.3,1.3,#N/A
2009-02-28 0:00,62,52,36.6,-18.5,4.4,4.1,11.4,0.7,0.5,#N/A
2009-01-31 0:00,63,52,36.4,-34.5,4.6,3.7,12,0.4,-0.1,#N/A
2008-12-31 0:00,71,51,34.5,-17.9,5.5,4.1,13.1,0.5,-0.1,#N/A
2008-11-30 0:00,79,55,39,-19.5,7.8,4.5,14,0.8,0.4,#N/A
2008-10-31 0:00,89,64,38.2,7.8,10.8,4.8,14.2,1.3,1.1,#N/A
2008-09-30 0:00,94,73,47.2,27.6,11.3,5.1,14.5,1.5,1.3,#N/A
2008-08-31 0:00,99,73,50.1,18.1,12.3,5.6,14.7,1.7,1.5,#N/A
2008-07-31 0:00,102,75,50.8,35.6,12.6,5.9,14.8,1.9,1.7,#N/A
2008-06-30 0:00,105,76,49.9,16.4,10.5,5.5,15.1,2.3,2.4,#N/A
2008-05-31 0:00,105,82,48.9,26.9,9,4.9,15.8,2.8,3.3,#N/A
2008-04-30 0:00,108,85,48.5,26.4,7.5,4.1,14.9,3.1,3.6,#N/A
2008-03-31 0:00,102,81,49.7,18.4,6,3.9,13.9,3.6,4.0,#N/A
2008-02-29 0:00,99,83,48.8,18.9,5.1,3.6,13.4,4.2,4.4,#N/A
2008-01-31 0:00,102,83,50.9,14.9,4.1,3.9,12.5,4.8,5.0,#N/A
2007-12-31 0:00,105,85,50.1,14.8,3.6,3.6,11.5,5.1,5.4,#N/A
2007-11-30 0:00,107,88,51.5,17,3.1,3.5,11.3,5,5.2,#N/A
2007-10-31 0:00,103,87,52.8,22.9,2.1,3,10.8,4.9,5.2,#N/A
2007-09-30 0:00,102,87,53.8,-1.1,1,2.3,11,4.9,5.6,#N/A
2007-08-31 0:00,101,85,52.2,13.6,0.9,2,11.4,4.9,5.8,#N/A
2007-07-31 0:00,104,87,51.8,17.2,1.6,2.5,10.9,4.6,5.1,#N/A
2007-06-30 0:00,102,88,54,14.5,1.8,2.5,10.9,4.1,4.2,#N/A
2007-05-31 0:00,101,88,53.1,11.1,1.4,2.3,10.9,3.6,3.5,#N/A
2007-04-30 0:00,102,87,52.7,17,1.1,2.4,11.1,3.4,3.4,#N/A
2007-03-31 0:00,100,85,52.8,13.2,0.6,2.2,11.5,3.3,3.0,#N/A
2007-02-28 0:00,97,81,54.1,10.3,0.1,2.2,11.5,3.3,2.8,#N/A
2007-01-31 0:00,93,79,50.4,20.8,0.1,1.7,11.3,3.2,2.6,#N/A
2006-12-31 0:00,100,84,51.4,12.3,0.4,2.1,11.4,3.1,2.9,#N/A
2006-11-30 0:00,97,83,50.3,18.5,0.2,2.1,11.1,3.2,3.3,#N/A
2006-10-31 0:00,101,84,51.4,10.5,0.4,2.2,10.1,3.1,3.6,#N/A
2006-09-30 0:00,97,81,52.2,20.9,1.6,2.5,8.9,2.9,3.6,#N/A
2006-08-31 0:00,92,72,53.7,16.9,1.7,2.7,7.5,2.7,3.5,#N/A
2006-07-31 0:00,95,77,53,10.9,1.3,2.4,7.7,3.3,4.9,#N/A
2006-06-30 0:00,99,82,52,17.9,1.6,2.4,7.7,4,5.7,#N/A
2006-05-31 0:00,98,83,53.7,20.8,1.4,2.3,7.1,4.5,5.7,#N/A
2006-04-30 0:00,103,87,55.2,11.9,0.4,2,6.8,4.6,5.4,#N/A
2006-03-31 0:00,100,85,54.3,12.1,0.5,2,7.2,5,5.8,#N/A
2006-02-28 0:00,98,82,55.8,16.6,0.7,2,7.2,5.2,6.5,#N/A
2006-01-31 0:00,101,87,55,3.6,0.8,2.2,7.3,5.3,7.0,#N/A
2005-12-31 0:00,102,87,55.1,10.5,1.4,2.6,7,4.8,6.4,#N/A
2005-11-30 0:00,95,83,56.7,11.9,1,2.5,6.6,4.4,5.9,#N/A
2005-10-31 0:00,94,82,57.2,11.9,1.4,2.3,6.5,4,5.3,#N/A
2005-09-30 0:00,91,79,56.8,17.7,1.1,2.5,6.5,3.9,5.1,#N/A
2005-08-31 0:00,88,76,52.4,17.9,1.1,2,7.7,3.6,4.8,#N/A
2005-07-31 0:00,90,76,52.8,10.6,1.7,2.6,7.9,3.2,3.5,#N/A
2005-06-30 0:00,89,78,52.4,9.5,1.5,2.8,7.4,2.8,2.9,#N/A
2005-05-31 0:00,92,80,50.8,11,1.9,3.1,7,2.9,2.9,#N/A
2005-04-30 0:00,93,84,52.2,6.5,2.8,3.1,6.9,3,2.9,#N/A
2005-03-31 0:00,90,83,55.2,13.1,3,3,6.4,2.8,2.8,#N/A
2005-02-28 0:00,89,76,55.5,6.6,3.9,3.4,6.4,2.3,2.5,#N/A
2005-01-31 0:00,83,71,56.8,18.3,5,3.4,6.3,2,2.3,#N/A
2004-12-31 0:00,84,70,57.2,17.6,5.4,3,5.9,2.3,2.8,#N/A
2004-11-30 0:00,87,71,56.2,26.5,6.9,3.3,5.8,2.4,3.0,#N/A
2004-10-31 0:00,87,72,56.3,19.7,7.3,3.8,7,2.8,3.1,#N/A
2004-09-30 0:00,85,72,57.4,22.4,7.5,3.9,6.2,3.1,3.5,#N/A
2004-08-31 0:00,84,68,58.5,28.8,7.5,4.8,5.6,3.4,3.8,#N/A
2004-07-31 0:00,85,67,59.9,36.1,7,4.4,5.1,3.8,4.7,#N/A
2004-06-30 0:00,84,76,60.5,38.3,6.8,3.6,4.5,4.1,5.0,#N/A
2004-05-31 0:00,89,79,61.4,42,6.3,3.3,3.9,4.3,5.7,#N/A
2004-04-30 0:00,93,88,60.6,36.7,5.5,3.3,3.1,4.5,5.9,#N/A
2004-03-31 0:00,88,79,60.6,37.7,4.5,3.1,2.7,4.4,5.4,#N/A
2004-02-29 0:00,84,76,59.9,43.5,4.5,3.3,2.6,4.5,5.0,#N/A
2004-01-31 0:00,84,77,60.8,32.6,3.7,3.4,2.4,4.1,4.6,#N/A
2003-12-31 0:00,88,81,60.1,31.3,3.1,3.4,3,3.6,4.1,#N/A
2003-11-30 0:00,86,80,58.4,20,2.5,3.4,3.2,3,4.1,#N/A
2003-10-31 0:00,78,77,55.2,25.5,2.2,3.7,3.8,2.5,3.9,#N/A
2003-09-30 0:00,74,70,52.4,22.4,2,3.3,5.8,1.7,2.6,#N/A
2003-08-31 0:00,73,68,53.2,10.1,1.8,3,6.7,1.2,2.0,#N/A
2003-07-31 0:00,75,66,51,15.2,1.6,3.2,7,0.7,1.0,#N/A
2003-06-30 0:00,78,71,49,21.4,1.1,3,7.9,0.6,0.5,#N/A
2003-05-31 0:00,78,74,49,3.5,1,3.2,9.1,0.3,-0.8,#N/A
2003-04-30 0:00,82,76,46.1,19.2,1.9,3.7,10.3,0.8,-1.0,#N/A
2003-03-31 0:00,78,71,46.3,16.1,3.3,4.5,13.3,1.6,-0.2,#N/A
2003-02-28 0:00,81,73,48.8,21,2.8,3.9,13.3,2.4,1.3,#N/A
2003-01-31 0:00,89,82,51.3,25.8,2.8,3.8,13.9,3.2,3.0,#N/A
2002-12-31 0:00,#N/A,#N/A,51.6,26.1,2.2,3.7,14.1,3.9,5.0,#N/A
2002-11-30 0:00,#N/A,#N/A,48.5,23.1,1.6,3.5,13.3,4.4,6.4,#N/A
2002-10-31 0:00,#N/A,#N/A,49,24.8,1,2.8,11.6,5.3,8.0,#N/A
2002-09-30 0:00,#N/A,#N/A,50.5,11.7,0.4,3.1,10.6,6.9,9.3,#N/A
2002-08-31 0:00,#N/A,#N/A,50.3,18.6,-0.1,2.4,10.7,8.2,10.0,#N/A
2002-07-31 0:00,#N/A,#N/A,50.2,17.6,-0.7,2.1,11.5,9.5,10.4,#N/A
2002-06-30 0:00,#N/A,#N/A,53.6,-0.3,-0.5,2.6,12.5,10.7,11.0,#N/A
2002-05-31 0:00,#N/A,#N/A,53.1,6.5,-0.3,3,12.4,12.1,12.3,#N/A
2002-04-30 0:00,#N/A,#N/A,52.4,8.8,-0.8,2.5,12.3,12.4,13.5,#N/A
2002-03-31 0:00,#N/A,#N/A,52.4,-6.2,-1.6,2.3,8.8,11.8,13.4,#N/A
2002-02-28 0:00,#N/A,#N/A,50.7,-17.5,-1.9,2.6,8.8,9.9,12.2,#N/A
2002-01-31 0:00,#N/A,#N/A,47.5,-10,-2.6,2.6,8.5,8,10.8,#N/A
2001-12-31 0:00,#N/A,#N/A,45.3,-20.4,-2.5,3.2,8.3,5.7,7.3,#N/A
2001-11-30 0:00,#N/A,#N/A,44.1,-17.6,-1.8,3.4,8.9,3.8,4.7,#N/A
2001-10-31 0:00,#N/A,#N/A,40.8,-20.7,-1.5,3.4,9.7,2.2,1.1,#N/A
2001-09-30 0:00,#N/A,#N/A,46.2,-17.7,-1.1,3.3,8.4,1.3,-0.7,#N/A
2001-08-31 0:00,#N/A,#N/A,46.3,-20.4,-0.5,4.7,8.1,0.5,-1.6,#N/A
2001-07-31 0:00,#N/A,#N/A,43.5,-21.2,0,4.8,7.9,0.1,-0.9,#N/A
2001-06-30 0:00,#N/A,#N/A,43.2,-15.2,0.2,5,6.3,-0.4,-0.9,#N/A
2001-05-31 0:00,#N/A,#N/A,41.3,-9.1,0.8,5.3,5.3,-1.1,-0.9,#N/A
2001-04-30 0:00,#N/A,#N/A,42.7,-10.4,0.7,4.8,4.3,-1.9,-2.0,#N/A
2001-03-31 0:00,#N/A,#N/A,43.1,-2.1,0.2,4,5.6,-2.3,-2.7,#N/A
2001-02-28 0:00,#N/A,#N/A,42.1,5.3,-0.1,3.6,5.6,-2.4,-2.7,#N/A
2001-01-31 0:00,#N/A,#N/A,42.3,4,-0.1,3.4,5.2,-2.3,-2.7,#N/A
2000-12-31 0:00,#N/A,#N/A,43.9,0.1,0.6,2.8,3.8,-0.8,-0.2,#N/A
2000-11-30 0:00,#N/A,#N/A,48.5,5.6,0.3,2.2,3.1,0.6,0.9,#N/A
2000-10-31 0:00,#N/A,#N/A,48.7,13.4,0.9,2.6,2.6,3.3,3.7,#N/A
2000-09-30 0:00,#N/A,#N/A,49.7,26.5,2.1,3.5,3.8,5.1,5.0,#N/A
2000-08-31 0:00,#N/A,#N/A,49.9,30.1,2.2,2.4,1.9,6.5,6.0,#N/A
2000-07-31 0:00,#N/A,#N/A,52.5,23,2.9,3,0.7,6.7,6.0,#N/A
2000-06-30 0:00,#N/A,#N/A,51.4,19,2.6,2.2,0.6,7.6,7.5,#N/A
2000-05-31 0:00,#N/A,#N/A,53.2,28.1,1.7,1.1,1.1,8.4,8.8,#N/A
2000-04-30 0:00,#N/A,#N/A,54.7,17.6,2.4,1.4,1.8,9.7,10.3,#N/A
2000-03-31 0:00,#N/A,#N/A,54.9,23.8,3.2,2.1,2.3,11.4,12.2,#N/A
2000-02-29 0:00,#N/A,#N/A,55.8,35.8,3,1.8,1.4,12.5,13.7,#N/A
2000-01-31 0:00,#N/A,#N/A,56.7,31.4,3.1,1.9,3.2,13.7,15.4,#N/A
1999-12-31 0:00,#N/A,#N/A,57.8,20.4,0.9,1.4,5.3,13.8,15.7,#N/A
1999-11-30 0:00,#N/A,#N/A,58.1,21.7,0.6,1.4,6.3,15,17.0,#N/A
1999-10-31 0:00,#N/A,#N/A,57.2,26.5,-0.2,1.2,7.4,15.7,17.6,#N/A
1999-09-30 0:00,#N/A,#N/A,57,11.3,-1.2,0.8,8.4,17.1,19.0,#N/A
1999-08-31 0:00,#N/A,#N/A,54.8,17.1,-1.6,0.9,11,18,19.6,#N/A
1999-07-31 0:00,#N/A,#N/A,53.6,17.2,-2.9,0.3,13.9,18.2,20.1,#N/A
1999-06-30 0:00,#N/A,#N/A,55.8,11.4,-3.2,0.6,16.1,17.4,19.2,#N/A
1999-05-31 0:00,#N/A,#N/A,54.3,1,-2.7,0.8,18,16.1,17.7,#N/A
1999-04-30 0:00,#N/A,#N/A,52.3,-4.7,-4.1,0.4,18.6,14.7,16.9,#N/A
1999-03-31 0:00,#N/A,#N/A,52.4,-2.9,-4.3,0.5,20.7,13.1,16.6,#N/A
1999-02-28 0:00,#N/A,#N/A,51.7,-16.8,-4.4,0.2,20.7,11.2,15.3,#N/A
1999-01-31 0:00,#N/A,#N/A,50.6,2.9,-1.7,1.5,21.3,9,11.9,#N/A
1998-12-31 0:00,#N/A,#N/A,46.8,-0.1,3.6,4,22.6,7.1,7.5,#N/A
1998-11-30 0:00,#N/A,#N/A,48.2,-1.4,11,6.8,24.4,5.3,3.6,#N/A
1998-10-31 0:00,#N/A,#N/A,48.7,-14.7,11.7,7.2,24.9,3.9,1.5,#N/A
1998-09-30 0:00,#N/A,#N/A,48.7,-5.2,11.5,6.9,24.3,2.4,0.2,#N/A
1998-08-31 0:00,#N/A,#N/A,49.3,-12.1,11.7,6.9,25.1,1.1,-0.7,#N/A
1998-07-31 0:00,#N/A,#N/A,49.2,-15.1,12.7,7.3,24.1,-0.4,-1.3,#N/A
1998-06-30 0:00,#N/A,#N/A,48.9,-7.1,13.3,7.5,24.1,-1.4,-1.8,#N/A
1998-05-31 0:00,#N/A,#N/A,50.9,-3.7,13.5,8.2,22.9,-1.7,-1.6,#N/A
1998-04-30 0:00,#N/A,#N/A,52.2,5.8,14.9,8.8,23.5,-2,-2.0,#N/A
1998-03-31 0:00,#N/A,#N/A,52.9,6,15.1,9,22.5,-2.8,-2.3,#N/A
1998-02-28 0:00,#N/A,#N/A,52.9,19.9,15.3,9.5,22.5,-3,-2.3,#N/A
1998-01-31 0:00,#N/A,#N/A,53.8,-0.4,12.9,8.3,21.4,-1.5,-0.5,#N/A
1997-12-31 0:00,#N/A,#N/A,54.5,1.7,9.6,6.6,20,1.2,2.1,#N/A
1997-11-30 0:00,#N/A,#N/A,55.7,3.8,3.2,4.3,18.8,3.8,5.4,#N/A
1997-10-31 0:00,#N/A,#N/A,56.4,5.2,2.6,4.2,18.4,4.7,6.1,#N/A
1997-09-30 0:00,#N/A,#N/A,53.9,13.4,2.9,4.2,18,5.1,5.6,#N/A
1997-08-31 0:00,#N/A,#N/A,56.3,14,2.8,4,17.7,5.1,4.9,#N/A
1997-07-31 0:00,#N/A,#N/A,57.7,19.3,2.7,3.7,17.3,4.5,4.4,#N/A
1997-06-30 0:00,#N/A,#N/A,54.9,9.6,3.4,4,16.9,4.2,4.4,#N/A
1997-05-31 0:00,#N/A,#N/A,56.1,4.5,3.7,3.8,16.9,3.6,3.3,#N/A
1997-04-30 0:00,#N/A,#N/A,53.7,7.1,3.6,4.3,16.8,3.3,3.0,#N/A
1997-03-31 0:00,#N/A,#N/A,53.8,-3.1,3.8,4.5,18.3,2.3,2.1,#N/A
1997-02-28 0:00,#N/A,#N/A,53.1,-5.3,3.6,4.9,18.3,1.8,1.9,#N/A
1997-01-31 0:00,#N/A,#N/A,53.8,-9,3.5,4.7,18,1.2,1.4,#N/A
1996-12-31 0:00,#N/A,#N/A,55.2,3.9,3.6,4.9,17.6,1.3,1.4,#N/A
1996-11-30 0:00,#N/A,#N/A,53,-0.6,3.8,5.3,19.1,0.7,0.7,#N/A
1996-10-31 0:00,#N/A,#N/A,50.5,2.8,3.4,5,19.8,1.2,1.2,#N/A
1996-09-30 0:00,#N/A,#N/A,51.1,-9,2.9,4.5,20.9,2,1.9,#N/A
1996-08-31 0:00,#N/A,#N/A,51.6,-8.7,3.4,5.3,21,2.9,2.9,#N/A
1996-07-31 0:00,#N/A,#N/A,49.7,-5.6,3.3,5.4,21.5,3.1,3.4,#N/A
1996-06-30 0:00,#N/A,#N/A,53.6,0.5,2.7,5.2,21.9,3.3,3.9,#N/A
1996-05-31 0:00,#N/A,#N/A,49.1,5.5,2.5,4.9,22,4.3,4.9,#N/A
1996-04-30 0:00,#N/A,#N/A,49.3,4.7,2.8,4.5,22.2,4.8,5.1,#N/A
1996-03-31 0:00,#N/A,#N/A,46.9,16.9,2.9,4.4,22.5,5.3,5.9,#N/A
1996-02-29 0:00,#N/A,#N/A,45.9,17.2,3.9,4.8,22.4,5.4,5.4,#N/A
1996-01-31 0:00,#N/A,#N/A,45.5,27.8,3.9,4.8,21.1,6,6.0,#N/A
1995-12-31 0:00,#N/A,#N/A,46.2,9.9,3.7,4.8,21.9,6.6,6.5,#N/A
1995-11-30 0:00,#N/A,#N/A,45.9,24.3,3.9,4.1,20.6,7,7.6,#N/A
1995-10-31 0:00,#N/A,#N/A,46.7,30,4.3,4.5,20.5,7.1,7.9,#N/A
1995-09-30 0:00,#N/A,#N/A,48.1,32.2,5,4.7,19.3,7.5,8.5,#N/A
1995-08-31 0:00,#N/A,#N/A,47.1,39.6,4.3,3.4,19,7.7,8.9,#N/A
1995-07-31 0:00,#N/A,#N/A,50.7,37.8,5.3,3.6,18.8,7.7,8.6,#N/A
1995-06-30 0:00,#N/A,#N/A,45.9,35.4,5.5,4.2,19,7.3,8.2,#N/A
1995-05-31 0:00,#N/A,#N/A,46.7,35.5,5.9,5.2,19,7.6,7.9,#N/A
1995-04-30 0:00,#N/A,#N/A,51.5,32.5,5.4,5.1,18.6,8.2,8.2,#N/A
1995-03-31 0:00,#N/A,#N/A,52.1,31.3,4.9,4.6,19.4,8.2,7.7,#N/A
1995-02-28 0:00,#N/A,#N/A,55.1,35.9,4,4.5,19.4,8.9,8.6,#N/A
1995-01-31 0:00,#N/A,#N/A,57.4,28,3.9,5.2,21.9,8.8,9.0,#N/A
1994-12-31 0:00,#N/A,#N/A,56.1,32.1,3.9,5.6,21.1,8.9,9.3,#N/A
1994-11-30 0:00,#N/A,#N/A,59.2,25.6,3.5,6.1,21.2,8.5,9.5,#N/A
1994-10-31 0:00,#N/A,#N/A,59.4,18.5,3.5,5.8,20,8.5,9.9,#N/A
1994-09-30 0:00,#N/A,#N/A,59,15.5,3,6.5,20.6,8.4,10.3,#N/A
1994-08-31 0:00,#N/A,#N/A,58,16.2,3.2,7.4,20.5,8.4,9.4,#N/A
1994-07-31 0:00,#N/A,#N/A,58.5,14.2,2.4,6.9,20.8,8.7,9.5,#N/A
1994-06-30 0:00,#N/A,#N/A,58.8,14.6,2,5.9,20,9.1,9.5,#N/A
1994-05-31 0:00,#N/A,#N/A,58.2,16.5,1.7,5.7,20.2,9.4,10.2,#N/A
1994-04-30 0:00,#N/A,#N/A,57.4,13.6,1.9,5.9,20.7,9.7,10.2,#N/A
1994-03-31 0:00,#N/A,#N/A,56.9,10.1,2.1,6.4,18.4,9.9,10.3,#N/A
1994-02-28 0:00,#N/A,#N/A,56.5,4.5,2.9,6.8,18.4,9.6,10.1,#N/A
1994-01-31 0:00,#N/A,#N/A,56,13.9,2.6,6.4,17.5,9.1,9.2,#N/A
1993-12-31 0:00,#N/A,#N/A,55.6,15.6,2,5.8,19.3,8.6,9.0,#N/A
1993-11-30 0:00,#N/A,#N/A,53.8,10.8,1.8,5.5,19.5,7.9,8.8,#N/A
1993-10-31 0:00,#N/A,#N/A,53.4,5,1.6,5.1,21,7.3,8.6,#N/A
1993-09-30 0:00,#N/A,#N/A,50.8,8.5,1.6,4.6,22.9,6.9,8.0,#N/A
1993-08-31 0:00,#N/A,#N/A,50.7,6,0.9,4.4,22.5,7.3,8.3,#N/A
1993-07-31 0:00,#N/A,#N/A,50.2,4.9,0.7,4.3,22.1,7.4,7.7,#N/A
1993-06-30 0:00,#N/A,#N/A,49.6,2.8,1.4,4.8,22.6,7.6,7.8,#N/A
1993-05-31 0:00,#N/A,#N/A,51.2,6.4,1.7,4.5,21.4,7.2,7.5,#N/A
1993-04-30 0:00,#N/A,#N/A,50.2,6.1,1.9,4.8,21.3,7.2,7.5,#N/A
1993-03-31 0:00,#N/A,#N/A,53.5,7.6,1.7,4.8,22.2,7,7.6,#N/A
1993-02-28 0:00,#N/A,#N/A,55.2,15.4,1.5,4.6,22.2,6.9,7.6,#N/A
1993-01-31 0:00,#N/A,#N/A,55.8,-1.2,1.6,4.5,22,7.1,8.0,#N/A
1992-12-31 0:00,#N/A,#N/A,54.2,-9,1.6,4.5,21.7,6.7,7.4,#N/A
1992-11-30 0:00,#N/A,#N/A,53.6,-0.7,1.8,4.4,21.2,6.3,6.5,#N/A
1992-10-31 0:00,#N/A,#N/A,50.3,7.4,2,5.4,19.9,5.7,6.2,#N/A
1992-09-30 0:00,#N/A,#N/A,49.7,16.6,2.4,5.7,19.3,5.8,6.2,#N/A
1992-08-31 0:00,#N/A,#N/A,53.4,7.2,2.9,5.9,21.4,5.9,6.2,#N/A
1992-07-31 0:00,#N/A,#N/A,53.9,14.7,3.5,6.6,20.2,6.4,6.6,#N/A
1992-06-30 0:00,#N/A,#N/A,53.6,5.9,2.7,6.8,20.2,6.3,7.0,#N/A
1992-05-31 0:00,#N/A,#N/A,55.7,3.1,2.3,7.3,20.7,6.5,7.0,#N/A
1992-04-30 0:00,#N/A,#N/A,52.6,8.9,1.9,6.9,20.7,6.3,7.1,#N/A
1992-03-31 0:00,#N/A,#N/A,54.6,12.3,1.7,6.8,19.5,6.5,7.1,#N/A
1992-02-29 0:00,#N/A,#N/A,52.7,5.7,1.5,7,19.7,6.3,6.8,#N/A
1992-01-31 0:00,#N/A,#N/A,47.3,16.2,1.7,7.7,20.1,6.4,6.8,#N/A
1991-12-31 0:00,#N/A,#N/A,46.8,9.6,1.9,9.3,18.9,6.8,6.9,#N/A
1991-11-30 0:00,#N/A,#N/A,49.5,10.9,2.7,9.7,22.1,7,7.3,#N/A
1991-10-31 0:00,#N/A,#N/A,53.1,25.6,2.9,9.3,22.7,7.4,7.3,#N/A
1991-09-30 0:00,#N/A,#N/A,54.9,-7.1,3.7,9.4,21.8,7.5,7.7,#N/A
1991-08-31 0:00,#N/A,#N/A,52.9,8.3,4.9,9.5,24.8,7.8,8.5,#N/A
1991-07-31 0:00,#N/A,#N/A,50.6,0.9,4.8,9,23.5,8.1,9.4,#N/A
1991-06-30 0:00,#N/A,#N/A,50.3,17.1,4.8,8.7,22.4,8.1,9.1,#N/A
1991-05-31 0:00,#N/A,#N/A,44.5,17.9,5.1,8.5,23.1,8.2,9.1,#N/A
1991-04-30 0:00,#N/A,#N/A,42.8,18,6,9.4,23.3,8.3,9.2,#N/A
1991-03-31 0:00,#N/A,#N/A,40.7,8.6,6.6,10.1,25.9,8.6,8.9,#N/A
1991-02-28 0:00,#N/A,#N/A,39.4,4,6.9,9.9,25.9,8.8,9.3,#N/A
1991-01-31 0:00,#N/A,#N/A,39.2,17.1,6.6,9.2,25.3,9.1,9.4,#N/A
1990-12-31 0:00,#N/A,#N/A,40.8,13,7.3,9.3,30.1,9.4,9.8,#N/A
1990-11-30 0:00,#N/A,#N/A,41.3,6.5,6.2,8.6,29.3,9.5,9.5,#N/A
1990-10-31 0:00,#N/A,#N/A,43.2,-0.4,5.7,8.7,28.7,9.4,9.5,#N/A
1990-09-30 0:00,#N/A,#N/A,44.5,11.6,4.9,8.6,28.7,9,9.2,#N/A
1990-08-31 0:00,#N/A,#N/A,46.1,1,4.2,9,26.6,8.6,8.9,#N/A
1990-07-31 0:00,#N/A,#N/A,46.6,4.9,4.2,9.4,28.4,8.3,8.6,#N/A
1990-06-30 0:00,#N/A,#N/A,49.2,4.8,3.6,8.9,29,8.2,8.7,#N/A
1990-05-31 0:00,#N/A,#N/A,49.5,5.4,3.3,8.6,28,8.4,8.7,#N/A
1990-04-30 0:00,#N/A,#N/A,50,3.5,3,8.7,27.4,8.7,9.2,#N/A
1990-03-31 0:00,#N/A,#N/A,49.9,-1.1,2.8,8,26.1,8.9,9.7,#N/A
1990-02-28 0:00,#N/A,#N/A,49.1,7.9,2.3,7.6,26.1,9,9.8,#N/A
1990-01-31 0:00,#N/A,#N/A,47.2,-10,2.4,7.3,25.8,9.1,9.9,#N/A
1989-12-31 0:00,#N/A,#N/A,47.4,-2.9,1.1,5.1,21.9,9,10.4,#N/A
1989-11-30 0:00,#N/A,#N/A,46.8,-2.7,1.5,6.1,21.6,9.1,10.5,#N/A
1989-10-31 0:00,#N/A,#N/A,46.8,0.9,2.4,6.7,22.2,9.2,9.6,#N/A
1989-09-30 0:00,#N/A,#N/A,46,1.5,1.6,6.2,22.5,9,9.2,#N/A
1989-08-31 0:00,#N/A,#N/A,45.1,-0.8,0.7,5.5,21.2,8.8,8.9,#N/A
1989-07-31 0:00,#N/A,#N/A,45.9,0.6,0.8,5.3,24.6,8.8,8.9,#N/A
1989-06-30 0:00,#N/A,#N/A,47.3,7.4,1.9,5.5,24.7,8.7,9.0,#N/A
1989-05-31 0:00,#N/A,#N/A,49.3,3.7,2,6,27.2,8.2,8.6,#N/A
1989-04-30 0:00,#N/A,#N/A,52.2,3.4,2,5.2,27,7.8,8.3,#N/A
1989-03-31 0:00,#N/A,#N/A,51.5,11.2,1.3,4.6,28.2,7.4,7.9,#N/A
1989-02-28 0:00,#N/A,#N/A,54.1,5.2,1.1,5.4,28.2,7.3,7.5,#N/A
1989-01-31 0:00,#N/A,#N/A,54.7,11.2,1.5,6.8,28.3,7.1,7.5,#N/A
1988-12-31 0:00,#N/A,#N/A,56,22,2.3,7.2,30.3,6.8,6.7,#N/A
1988-11-30 0:00,#N/A,#N/A,55.6,31.4,3.1,7.1,32,7.1,7.2,#N/A
1988-10-31 0:00,#N/A,#N/A,55.4,30.1,2,6.1,30.9,7.6,8.1,#N/A
1988-09-30 0:00,#N/A,#N/A,54.5,21.4,2.4,6.5,31.4,8.2,8.7,#N/A
1988-08-31 0:00,#N/A,#N/A,56,52.6,3.2,6.9,31.8,8.3,9.2,#N/A
1988-07-31 0:00,#N/A,#N/A,58.2,23.2,3.3,7.9,29.9,8.1,8.8,#N/A
1988-06-30 0:00,#N/A,#N/A,59.3,19.1,2.8,7.4,29.8,8.1,8.9,#N/A
1988-05-31 0:00,#N/A,#N/A,55.5,18.5,1.9,6.6,29,8.4,8.9,#N/A
1988-04-30 0:00,#N/A,#N/A,55.8,26,1.9,7.7,31.4,8.5,8.5,#N/A
1988-03-31 0:00,#N/A,#N/A,54.6,31.2,3,8.5,32.5,8.6,9.0,#N/A
1988-02-29 0:00,#N/A,#N/A,56.2,40.5,3.6,7.8,33.6,8.7,9.1,#N/A
1988-01-31 0:00,#N/A,#N/A,57.5,36.6,3.2,6.2,34.8,8.6,9.2,#N/A
1987-12-31 0:00,#N/A,#N/A,61,50.4,2.7,6.1,32.3,8.7,9.2,#N/A
1987-11-30 0:00,#N/A,#N/A,58.8,35.8,1.5,5.2,30,8.5,8.8,#N/A
1987-10-31 0:00,#N/A,#N/A,60.7,23.7,1.9,5.2,31.2,8.2,8.9,#N/A
1987-09-30 0:00,#N/A,#N/A,60,39.5,1.1,4.1,30.2,8.1,8.4,#N/A
1987-08-31 0:00,#N/A,#N/A,59.3,17.9,0.9,4,30.5,8,8.5,#N/A
1987-07-31 0:00,#N/A,#N/A,57.5,44.2,0.4,2.4,31,8.2,8.5,#N/A
1987-06-30 0:00,#N/A,#N/A,57.4,33,0.5,2.8,31.5,8.2,8.6,#N/A
1987-05-31 0:00,#N/A,#N/A,57.2,34.6,1,2.7,31.2,8.5,8.7,#N/A
1987-04-30 0:00,#N/A,#N/A,55.5,43.6,0.7,1.8,30.4,8.7,9.3,#N/A
1987-03-31 0:00,#N/A,#N/A,55,42.4,-0.6,1.1,27.6,9,9.4,#N/A
1987-02-28 0:00,#N/A,#N/A,52.6,27.3,-1.8,0.5,27.6,9,10.0,#N/A
1987-01-31 0:00,#N/A,#N/A,54.9,43,-2.7,0.9,26.4,9,9.5,#N/A
1986-12-31 0:00,#N/A,#N/A,50.5,-8.3,-2.6,1.4,#N/A,9.4,10.2,#N/A
1986-11-30 0:00,#N/A,#N/A,51.2,6.1,-2.2,2,#N/A,9.6,10.8,#N/A
1986-10-31 0:00,#N/A,#N/A,51.2,22.7,-2.7,1,#N/A,9.9,10.3,#N/A
1986-09-30 0:00,#N/A,#N/A,52.4,22.6,-1.7,2.3,#N/A,9.8,10.4,#N/A
1986-08-31 0:00,#N/A,#N/A,52.6,25.2,-1.7,2.8,#N/A,9.8,10.5,#N/A
1986-07-31 0:00,#N/A,#N/A,48,18.4,-1.7,3.1,#N/A,9.7,11.2,#N/A
1986-06-30 0:00,#N/A,#N/A,50.5,18.6,-1.7,3,#N/A,9.8,10.7,#N/A
1986-05-31 0:00,#N/A,#N/A,53.4,21.4,-1.4,3.3,#N/A,9.6,10.7,#N/A
1986-04-30 0:00,#N/A,#N/A,49.7,8.1,-1.6,3.4,#N/A,9.4,9.6,#N/A
1986-03-31 0:00,#N/A,#N/A,51,9.3,-0.6,3.6,#N/A,9,9.7,#N/A
1986-02-28 0:00,#N/A,#N/A,51,27.6,-0.1,3.5,#N/A,8.8,9.2,#N/A
1986-01-31 0:00,#N/A,#N/A,51.2,23.4,0.5,3.7,#N/A,8.7,9.2,#N/A
1985-12-31 0:00,#N/A,#N/A,50.7,26.8,0.6,3,#N/A,8.6,8.7,#N/A
1985-11-30 0:00,#N/A,#N/A,52,22.9,0.3,2.4,#N/A,8.4,8.2,#N/A
1985-10-31 0:00,#N/A,#N/A,50.9,-3.6,0.6,3.4,#N/A,8.1,8.9,#N/A
1985-09-30 0:00,#N/A,#N/A,49.9,13,-0.3,2.6,#N/A,8.2,9.6,#N/A
1985-08-31 0:00,#N/A,#N/A,47.7,1.5,0.5,2.6,#N/A,8,8.4,#N/A
1985-07-31 0:00,#N/A,#N/A,47.9,0.1,1.4,3,#N/A,7.7,7.8,#N/A
1985-06-30 0:00,#N/A,#N/A,47.8,-3.4,1.6,3,#N/A,7.8,7.9,#N/A
1985-05-31 0:00,#N/A,#N/A,47.1,-0.1,1.2,2.3,#N/A,7.8,7.9,#N/A
1985-04-30 0:00,#N/A,#N/A,48.2,2.1,0.9,1.5,#N/A,8.2,8.6,#N/A
1985-03-31 0:00,#N/A,#N/A,47.8,2.8,0.9,1.7,#N/A,8,8.0,#N/A
1985-02-28 0:00,#N/A,#N/A,49.9,-9.7,1.4,1.9,#N/A,7.8,8.1,#N/A
1985-01-31 0:00,#N/A,#N/A,50.3,-19.4,1.7,2.1,#N/A,7.9,8.1,#N/A
1984-12-31 0:00,#N/A,#N/A,50.6,21.9,1.6,2.4,#N/A,7.9,8.2,#N/A
1984-11-30 0:00,#N/A,#N/A,50.3,29.4,1.5,2.7,#N/A,7.7,8.2,#N/A
1984-10-31 0:00,#N/A,#N/A,50.8,4.5,1.9,2.7,#N/A,7.1,7.6,#N/A
1984-09-30 0:00,#N/A,#N/A,50,3.3,2.4,3.2,#N/A,7,7.1,#N/A
1984-08-31 0:00,#N/A,#N/A,53,12.6,1.5,2.2,#N/A,7.5,7.7,#N/A
1984-07-31 0:00,#N/A,#N/A,56.1,17.4,0.9,1.7,#N/A,7.6,7.8,#N/A
1984-06-30 0:00,#N/A,#N/A,58.1,19.9,0.4,1.7,#N/A,7.8,7.8,#N/A
1984-05-31 0:00,#N/A,#N/A,58.6,24.2,0.5,2.2,#N/A,8.1,8.6,#N/A
1984-04-30 0:00,#N/A,#N/A,61,22.3,0.3,2.6,#N/A,8.1,9.4,#N/A
1984-03-31 0:00,#N/A,#N/A,58.9,20.3,-0.3,2,#N/A,8.3,8.7,#N/A
1984-02-29 0:00,#N/A,#N/A,61.3,25.8,-0.7,2,#N/A,8.4,8.8,#N/A
1984-01-31 0:00,#N/A,#N/A,60.5,53.7,-1.1,1.8,#N/A,8.9,9.6,#N/A
1983-12-31 0:00,#N/A,#N/A,69.9,28,-0.8,2,#N/A,9.1,10.4,#N/A
1983-11-30 0:00,#N/A,#N/A,66,37.2,-0.6,2.8,#N/A,9.6,10.5,#N/A
1983-10-31 0:00,#N/A,#N/A,64.4,14.8,-0.6,2.4,#N/A,9.9,10.6,#N/A
1983-09-30 0:00,#N/A,#N/A,62.5,7,-0.4,2.3,#N/A,10.1,10.6,#N/A
1983-08-31 0:00,#N/A,#N/A,63.1,13.4,-0.3,2.6,#N/A,10.3,11.5,#N/A
1983-07-31 0:00,#N/A,#N/A,63.6,14,-0.7,2.8,#N/A,10.9,11.6,#N/A
1983-06-30 0:00,#N/A,#N/A,57.5,25.6,-0.1,3.1,#N/A,11,12.5,#N/A
1983-05-31 0:00,#N/A,#N/A,56.1,2.6,0.2,3.8,#N/A,10.8,11.0,#N/A
1983-04-30 0:00,#N/A,#N/A,54.2,4.8,0.9,4.3,#N/A,10.1,10.4,#N/A
1983-03-31 0:00,#N/A,#N/A,53.9,6.2,1.1,4.7,#N/A,10.3,11.2,#N/A
1983-02-28 0:00,#N/A,#N/A,54.4,0,1.2,5.3,#N/A,10.2,11.3,#N/A
1983-01-31 0:00,#N/A,#N/A,46,-11.8,2.1,5.1,#N/A,9.9,10.6,#N/A
1982-12-31 0:00,#N/A,#N/A,42.8,-0.9,2.3,4.8,#N/A,9.1,9.1,#N/A
1982-11-30 0:00,#N/A,#N/A,39.2,-10.1,3.1,4.2,#N/A,8.8,9.2,#N/A
1982-10-31 0:00,#N/A,#N/A,39.4,11.8,1.9,3.9,#N/A,8.4,8.4,#N/A
1982-09-30 0:00,#N/A,#N/A,38.8,10.6,1.9,3.9,#N/A,8.2,8.5,#N/A
1982-08-31 0:00,#N/A,#N/A,38.3,2.5,2.1,4.8,#N/A,7.8,7.8,#N/A
1982-07-31 0:00,#N/A,#N/A,38.4,-4.4,2.9,5.6,#N/A,7.6,7.8,#N/A
1982-06-30 0:00,#N/A,#N/A,38.3,-4.7,2.7,6.4,#N/A,7.3,7.1,#N/A
1982-05-31 0:00,#N/A,#N/A,35.5,9.6,3.8,8.6,#N/A,7.7,7.9,#N/A
1982-04-30 0:00,#N/A,#N/A,37.8,1.5,6.5,10.2,#N/A,7.9,8.9,#N/A
1982-03-31 0:00,#N/A,#N/A,36.8,5.6,9.1,11,#N/A,8.3,8.9,#N/A
1982-02-28 0:00,#N/A,#N/A,38.3,4.5,10.5,12,#N/A,8.4,9.0,#N/A
1982-01-31 0:00,#N/A,#N/A,38.2,7.8,10.5,12.4,#N/A,8.9,9.1,#N/A
1981-12-31 0:00,#N/A,#N/A,37.8,8.3,11.4,13.7,#N/A,9.4,10.9,#N/A
1981-11-30 0:00,#N/A,#N/A,36.1,3.7,14.4,16.6,#N/A,10.2,11.0,#N/A
1981-10-31 0:00,#N/A,#N/A,40,19.4,17.4,18.3,#N/A,10.8,12.0,#N/A
1981-09-30 0:00,#N/A,#N/A,42.5,21.9,19.1,21.9,#N/A,11.1,12.1,#N/A
1981-08-31 0:00,#N/A,#N/A,48.3,18.4,20.4,22.6,#N/A,11.5,12.2,#N/A
1981-07-31 0:00,#N/A,#N/A,46.7,30.8,22.3,23.4,#N/A,11.8,12.3,#N/A
1981-06-30 0:00,#N/A,#N/A,50.7,32.4,22.9,23.2,#N/A,12,12.4,#N/A
1981-05-31 0:00,#N/A,#N/A,53.5,25.9,21.8,21.3,#N/A,11.9,12.5,#N/A
1981-04-30 0:00,#N/A,#N/A,51.6,34.4,20.6,22.4,#N/A,11.5,11.7,#N/A
1981-03-31 0:00,#N/A,#N/A,49.6,16.5,19.1,22.3,#N/A,11.4,11.8,#N/A
1981-02-28 0:00,#N/A,#N/A,48.8,21,22.3,24.4,#N/A,11.1,11.9,#N/A
1981-01-31 0:00,#N/A,#N/A,49.2,32.7,38.2,28.8,#N/A,10.6,13.1,#N/A
1980-12-31 0:00,#N/A,#N/A,53,16.5,42.2,32.2,#N/A,9.9,11.2,#N/A
1980-11-30 0:00,#N/A,#N/A,58.2,17.4,38.3,31.3,#N/A,9.5,11.3,#N/A
1980-10-31 0:00,#N/A,#N/A,55.5,20.5,36,32.5,#N/A,9.1,10.4,#N/A
1980-09-30 0:00,#N/A,#N/A,50.1,8.9,35.1,29.8,#N/A,8.6,9.4,#N/A
1980-08-31 0:00,#N/A,#N/A,45.5,12.6,34.7,29.2,#N/A,8.3,9.5,#N/A
1980-07-31 0:00,#N/A,#N/A,35,14.8,35.9,27.5,#N/A,7.6,8.6,#N/A
1980-06-30 0:00,#N/A,#N/A,30.3,15.4,41.8,27,#N/A,7,7.6,#N/A
1980-05-31 0:00,#N/A,#N/A,29.4,10,42.5,26.6,#N/A,5.7,6.7,#N/A
1980-04-30 0:00,#N/A,#N/A,37.4,18,43.9,26.6,#N/A,5,4.7,#N/A
1980-03-31 0:00,#N/A,#N/A,43.6,16,45.8,28.8,#N/A,3.7,2.8,#N/A
1980-02-29 0:00,#N/A,#N/A,50.2,25.5,44,26.4,#N/A,2.8,1.9,#N/A
1980-01-31 0:00,#N/A,#N/A,46.2,25.5,28.4,25.4,#N/A,1.8,0.0,#N/A
1979-12-31 0:00,#N/A,#N/A,44.8,10.3,23.8,21.2,#N/A,1.3,0.9,#N/A
1979-11-30 0:00,#N/A,#N/A,48,18.6,22.9,18.8,#N/A,1.2,1.0,#N/A
1979-10-31 0:00,#N/A,#N/A,49,11.5,24,17.6,#N/A,1.5,1.0,#N/A
1979-09-30 0:00,#N/A,#N/A,49.6,23.1,24.4,17.9,#N/A,1.5,1.9,#N/A
1979-08-31 0:00,#N/A,#N/A,49.5,26.8,25.2,18.6,#N/A,1.3,1.9,#N/A
1979-07-31 0:00,#N/A,#N/A,51.3,23.3,21.5,18.5,#N/A,1.5,1.9,#N/A
1979-06-30 0:00,#N/A,#N/A,52.7,20.6,16.2,19.6,#N/A,2.1,2.9,#N/A
1979-05-31 0:00,#N/A,#N/A,54.4,26.1,17,21.8,#N/A,2.7,2.9,#N/A
1979-04-30 0:00,#N/A,#N/A,56.2,12.2,14.8,19.3,#N/A,4.6,3.9,#N/A
1979-03-31 0:00,#N/A,#N/A,57.7,20.5,12.4,16.3,#N/A,6.4,5.9,#N/A
1979-02-28 0:00,#N/A,#N/A,58.2,21.8,10.1,15.7,#N/A,7.5,7.0,#N/A
1979-01-31 0:00,#N/A,#N/A,58.5,8.5,10.4,14.1,#N/A,8.4,9.2,#N/A
1978-12-31 0:00,#N/A,#N/A,59.4,2.6,12.2,16.4,#N/A,7.9,9.3,#N/A
1978-11-30 0:00,#N/A,#N/A,61.3,26.5,13.4,17,#N/A,8.4,9.4,#N/A
1978-10-31 0:00,#N/A,#N/A,60.1,73.2,13.1,16.8,#N/A,8.9,10.5,#N/A
1978-09-30 0:00,#N/A,#N/A,60.5,32,12.3,15.5,#N/A,9.5,9.5,#N/A
1978-08-31 0:00,#N/A,#N/A,60.3,21.2,10.9,13.5,#N/A,9.6,9.6,#N/A
1978-07-31 0:00,#N/A,#N/A,62.2,25.3,11.7,14.8,#N/A,10,10.8,#N/A
1978-06-30 0:00,#N/A,#N/A,60.5,18.6,11.7,14.6,#N/A,10.5,10.9,#N/A
1978-05-31 0:00,#N/A,#N/A,60.2,27.1,11.2,12.6,#N/A,11.6,13.3,#N/A
1978-04-30 0:00,#N/A,#N/A,57.7,28.6,10.9,12.6,#N/A,11.9,13.3,#N/A
1978-03-31 0:00,#N/A,#N/A,55,32.3,10.6,12.9,#N/A,11.8,13.5,#N/A
1978-02-28 0:00,#N/A,#N/A,55.9,31.5,10.9,13,#N/A,11.5,12.4,#N/A
1978-01-31 0:00,#N/A,#N/A,57.4,20.5,11.3,13.3,#N/A,10.9,11.4,#N/A
1977-12-31 0:00,#N/A,#N/A,59.8,63.1,10.1,11,#N/A,10.6,10.2,#N/A
1977-11-30 0:00,#N/A,#N/A,56.1,28.9,8.7,10.6,#N/A,10.4,10.3,#N/A
1977-10-31 0:00,#N/A,#N/A,55.4,4.6,9.3,10.1,#N/A,10,10.5,#N/A
1977-09-30 0:00,#N/A,#N/A,53.9,30,9.3,9.2,#N/A,10,10.5,#N/A
1977-08-31 0:00,#N/A,#N/A,54.9,26.9,9.2,9.7,#N/A,10.4,10.6,#N/A
1977-07-31 0:00,#N/A,#N/A,57.7,12.5,8.9,9.4,#N/A,10.1,9.4,#N/A
1977-06-30 0:00,#N/A,#N/A,56.8,21.9,9,10.1,#N/A,9.7,9.5,#N/A
1977-05-31 0:00,#N/A,#N/A,59.7,18.4,8.7,10.1,#N/A,8.5,7.1,#N/A
1977-04-30 0:00,#N/A,#N/A,56.9,32.2,9,9.6,#N/A,8.5,8.4,#N/A
1977-03-31 0:00,#N/A,#N/A,58.4,39.8,9.2,10.7,#N/A,8.6,8.5,#N/A
1977-02-28 0:00,#N/A,#N/A,55,44.3,9.3,11.1,#N/A,9.5,9.9,#N/A
1977-01-31 0:00,#N/A,#N/A,54.8,50.1,7.5,9.7,#N/A,10.1,10.0,#N/A
1976-12-31 0:00,#N/A,#N/A,56.6,28.2,9.4,9.6,#N/A,10.5,12.8,#N/A
1976-11-30 0:00,#N/A,#N/A,51.7,49.4,11,9.5,#N/A,10.6,11.5,#N/A
1976-10-31 0:00,#N/A,#N/A,53.5,46.4,10.4,8.7,#N/A,11.4,11.7,#N/A
1976-09-30 0:00,#N/A,#N/A,53.6,49.3,11.3,11.5,#N/A,12.3,14.7,#N/A
1976-08-31 0:00,#N/A,#N/A,54.5,53.5,11.2,14.5,#N/A,13.6,13.3,#N/A
1976-07-31 0:00,#N/A,#N/A,55.9,73.2,11.1,15.8,#N/A,14.2,14.9,#N/A
1976-06-30 0:00,#N/A,#N/A,58.2,74.8,10.9,15.7,#N/A,15.1,15.1,#N/A
1976-05-31 0:00,#N/A,#N/A,58.8,61.2,11.4,16.1,#N/A,16.2,16.7,#N/A
1976-04-30 0:00,#N/A,#N/A,60.6,81.1,13,19.5,#N/A,16.8,18.6,#N/A
1976-03-31 0:00,#N/A,#N/A,58.4,66.3,15.3,22,#N/A,16.7,18.8,#N/A
1976-02-29 0:00,#N/A,#N/A,61.5,50.8,15.2,22.2,#N/A,16.3,19.1,#N/A
1976-01-31 0:00,#N/A,#N/A,58.8,65.1,16.1,23,#N/A,16.1,19.4,#N/A
1975-12-31 0:00,#N/A,#N/A,54.9,72,19.5,26.5,#N/A,15.8,16.4,#N/A
1975-11-30 0:00,#N/A,#N/A,54.5,34.9,24.3,27.8,#N/A,15.6,18.2,#N/A
1975-10-31 0:00,#N/A,#N/A,55.5,47.5,26.6,30.5,#N/A,15.3,18.5,#N/A
1975-09-30 0:00,#N/A,#N/A,54.4,10.8,25.5,27.5,#N/A,14,15.4,#N/A
1975-08-31 0:00,#N/A,#N/A,51.4,25.1,24.4,25.3,#N/A,13.5,15.4,#N/A
1975-07-31 0:00,#N/A,#N/A,47.2,4.4,25.1,26.5,#N/A,12.8,13.8,#N/A
1975-06-30 0:00,#N/A,#N/A,45.1,-4,26,26.9,#N/A,11,12.3,#N/A
1975-05-31 0:00,#N/A,#N/A,41.2,-4.1,26.1,24.3,#N/A,9.1,10.8,#N/A
1975-04-30 0:00,#N/A,#N/A,37.5,-14.1,24.1,20.6,#N/A,6.4,7.7,#N/A
1975-03-31 0:00,#N/A,#N/A,31.6,-15.5,25.9,19.1,#N/A,4,4.5,#N/A
1975-02-28 0:00,#N/A,#N/A,34.4,-4.3,29.1,21.3,#N/A,2.9,1.5,#N/A
1975-01-31 0:00,#N/A,#N/A,30.7,-15,46,25.4,#N/A,1.4,0.0,#N/A
1974-12-31 0:00,#N/A,#N/A,30.9,-7.5,44.6,26.4,#N/A,1.5,0.0,#N/A
1974-11-30 0:00,#N/A,#N/A,37.9,-2.6,44.4,28,#N/A,-0.5,-1.5,#N/A
1974-10-31 0:00,#N/A,#N/A,42.7,-6.1,43,27.8,#N/A,-1.6,-3.0,#N/A
1974-09-30 0:00,#N/A,#N/A,46.2,26.7,42.8,29.2,#N/A,-1.7,-3.0,#N/A
1974-08-31 0:00,#N/A,#N/A,52.9,20.5,45.6,28.2,#N/A,-1.7,-3.0,#N/A
1974-07-31 0:00,#N/A,#N/A,54.8,62.6,47.4,25.5,#N/A,-0.7,-1.5,#N/A
1974-06-30 0:00,#N/A,#N/A,54.7,79,46.9,23.5,#N/A,-0.1,0.0,#N/A
1974-05-31 0:00,#N/A,#N/A,55.7,61.2,45.6,24.1,#N/A,1.2,0.0,#N/A
1974-04-30 0:00,#N/A,#N/A,59.9,79.1,45.7,24.2,#N/A,3,1.6,#N/A
1974-03-31 0:00,#N/A,#N/A,61.8,72.6,40.7,22.6,#N/A,5.6,4.8,#N/A
1974-02-28 0:00,#N/A,#N/A,58.6,90.8,37,18.4,#N/A,8.1,8.1,#N/A
1974-01-31 0:00,#N/A,#N/A,62.1,106.1,20.1,12.8,#N/A,10.4,11.7,#N/A
1973-12-31 0:00,#N/A,#N/A,63.6,86.2,15.1,8.5,#N/A,12.1,13.6,#N/A
1973-11-30 0:00,#N/A,#N/A,68.1,125.8,9.9,5.6,#N/A,14.3,15.5,#N/A
1973-10-31 0:00,#N/A,#N/A,66.2,149.4,8.7,2.4,#N/A,17.1,19.6,#N/A
1973-09-30 0:00,#N/A,#N/A,63.5,99.9,8,1.1,#N/A,19.5,21.8,#N/A
1973-08-31 0:00,#N/A,#N/A,62.7,91.2,6,0.3,#N/A,21.5,24.1,#N/A
1973-07-31 0:00,#N/A,#N/A,57.8,84.2,4.6,0.9,#N/A,22.2,24.5,#N/A
1973-06-30 0:00,#N/A,#N/A,65,71.8,4,1.4,#N/A,22.6,25.0,#N/A
1973-05-31 0:00,#N/A,#N/A,64.8,107.5,4.2,2.2,#N/A,24,27.5,#N/A
1973-04-30 0:00,#N/A,#N/A,67.7,88.1,4.4,2,#N/A,24.5,28.0,#N/A
1973-03-31 0:00,#N/A,#N/A,69.6,127.6,4.4,2.1,#N/A,24.7,26.0,#N/A
1973-02-28 0:00,#N/A,#N/A,69.6,56,6.1,4.8,#N/A,22.5,26.5,#N/A
1973-01-31 0:00,#N/A,#N/A,72.1,92.4,8.1,7.9,#N/A,20.7,22.4,#N/A
1972-12-31 0:00,#N/A,#N/A,70.5,72.3,8.4,9.2,#N/A,18.3,20.4,#N/A
1972-11-30 0:00,#N/A,#N/A,69.9,46.4,8.6,10.1,#N/A,17,18.4,#N/A
1972-10-31 0:00,#N/A,#N/A,67,49.1,9.6,12.4,#N/A,15,14.3,#N/A
1972-09-30 0:00,#N/A,#N/A,65.1,72.1,12.2,12.8,#N/A,12.9,14.6,#N/A
1972-08-31 0:00,#N/A,#N/A,61.7,77.7,16.5,14.6,#N/A,10.7,10.2,#N/A
1972-07-31 0:00,#N/A,#N/A,60.1,45.1,16.7,13.9,#N/A,9.4,10.4,#N/A
1972-06-30 0:00,#N/A,#N/A,58.6,40.2,15.9,14.7,#N/A,8.2,8.3,#N/A
1972-05-31 0:00,#N/A,#N/A,61.4,42.2,17.5,13.8,#N/A,7.7,8.5,#N/A
1972-04-30 0:00,#N/A,#N/A,59.3,42.4,17.4,11.4,#N/A,6.7,6.4,#N/A
1972-03-31 0:00,#N/A,#N/A,59.8,30.3,17.3,10.2,#N/A,6.4,6.4,#N/A
1972-02-29 0:00,#N/A,#N/A,60.6,70.7,15.4,9.2,#N/A,6.1,6.5,#N/A
1972-01-31 0:00,#N/A,#N/A,59.6,25.6,13.3,7.9,#N/A,6.3,6.5,#N/A
1971-12-31 0:00,#N/A,#N/A,57.6,25.3,13,9.1,#N/A,7,6.5,#N/A
1971-11-30 0:00,#N/A,#N/A,52.3,58.3,12.7,11.8,#N/A,7.4,8.9,#N/A
1971-10-31 0:00,#N/A,#N/A,55,24.2,12.7,11.4,#N/A,7.8,8.9,#N/A
1971-09-30 0:00,#N/A,#N/A,55.1,36.4,10.6,14.5,#N/A,8,6.7,#N/A
1971-08-31 0:00,#N/A,#N/A,53.6,17.8,7.8,15.4,#N/A,9,11.4,#N/A
1971-07-31 0:00,#N/A,#N/A,54.4,20.5,7.1,15.1,#N/A,9.1,9.1,#N/A
1971-06-30 0:00,#N/A,#N/A,53.8,37.2,7.7,13.9,#N/A,9.3,9.1,#N/A
1971-05-31 0:00,#N/A,#N/A,54.2,31,5.8,11.7,#N/A,0,9.3,#N/A
1971-04-30 0:00,#N/A,#N/A,54.5,19.8,5.3,12.6,#N/A,0,9.3,#N/A
1971-03-31 0:00,#N/A,#N/A,51.2,18.7,6.1,15.5,#N/A,0,9.3,#N/A
1971-02-28 0:00,#N/A,#N/A,54.8,26,6.8,15.9,#N/A,0,9.5,#N/A
1971-01-31 0:00,#N/A,#N/A,47.9,19.8,7.3,15.9,#N/A,0,9.5,#N/A
1970-12-31 0:00,#N/A,#N/A,45.4,17.6,9.3,14.4,#N/A,0,#N/A,#N/A
1970-11-30 0:00,#N/A,#N/A,39.7,20.4,9.6,13,#N/A,0,#N/A,#N/A
1970-10-31 0:00,#N/A,#N/A,42.4,48.2,9,14.5,#N/A,0,#N/A,#N/A
1970-09-30 0:00,#N/A,#N/A,44.1,39.6,9.8,15.3,#N/A,0,#N/A,#N/A
1970-08-31 0:00,#N/A,#N/A,47.3,35.2,9.4,16.2,#N/A,0,#N/A,#N/A
1970-07-31 0:00,#N/A,#N/A,49.5,45.9,9.1,16,#N/A,0,#N/A,#N/A
1970-06-30 0:00,#N/A,#N/A,51.1,19.4,9.1,15.2,#N/A,0,#N/A,#N/A
1970-05-31 0:00,#N/A,#N/A,47.2,23,9.6,18,#N/A,0,#N/A,#N/A
1970-04-30 0:00,#N/A,#N/A,45,39.8,9.8,20,#N/A,0,#N/A,#N/A
1970-03-31 0:00,#N/A,#N/A,46.9,54.4,8.9,18.1,#N/A,0,#N/A,#N/A
1970-02-28 0:00,#N/A,#N/A,47.4,50.1,8.2,16.5,#N/A,0,#N/A,#N/A
1970-01-31 0:00,#N/A,#N/A,48.7,46.3,8.3,14.9,#N/A,0,#N/A,#N/A
1969-12-31 0:00,#N/A,#N/A,52,47.7,7.6,16.3,#N/A,#N/A,#N/A,#N/A
1969-11-30 0:00,#N/A,#N/A,53.2,37.6,5.5,13.1,#N/A,#N/A,#N/A,#N/A
1969-10-31 0:00,#N/A,#N/A,54.6,32.7,6.5,14.4,#N/A,#N/A,#N/A,#N/A
1969-09-30 0:00,#N/A,#N/A,54.1,23.3,7.4,14.5,#N/A,#N/A,#N/A,#N/A
1969-08-31 0:00,#N/A,#N/A,54.8,35.4,6.6,11.4,#N/A,#N/A,#N/A,#N/A
1969-07-31 0:00,#N/A,#N/A,53.1,44.4,6.8,11.6,#N/A,#N/A,#N/A,#N/A
1969-06-30 0:00,#N/A,#N/A,55.5,43.4,6.8,11.5,#N/A,#N/A,#N/A,#N/A
1969-05-31 0:00,#N/A,#N/A,56.7,55.5,6.7,11.6,#N/A,#N/A,#N/A,#N/A
1969-04-30 0:00,#N/A,#N/A,55.2,19.1,6.4,11.1,#N/A,#N/A,#N/A,#N/A
1969-03-31 0:00,#N/A,#N/A,57.1,33.9,6.4,10.4,#N/A,#N/A,#N/A,#N/A
1969-02-28 0:00,#N/A,#N/A,57,22.6,6.8,10.7,#N/A,#N/A,#N/A,#N/A
1969-01-31 0:00,#N/A,#N/A,54.9,34.6,7.3,11.7,#N/A,#N/A,#N/A,#N/A
1968-12-31 0:00,#N/A,#N/A,56.1,39.2,7.3,11,#N/A,#N/A,#N/A,#N/A
1968-11-30 0:00,#N/A,#N/A,58.1,30.8,8.4,11.6,#N/A,#N/A,#N/A,#N/A
1968-10-31 0:00,#N/A,#N/A,55.8,17.3,7.7,9.8,#N/A,#N/A,#N/A,#N/A
1968-09-30 0:00,#N/A,#N/A,51.8,62.2,6.2,8.6,#N/A,#N/A,#N/A,#N/A
1968-08-31 0:00,#N/A,#N/A,52.7,42.5,6.9,9.8,#N/A,#N/A,#N/A,#N/A
1968-07-31 0:00,#N/A,#N/A,54.1,59.5,7.5,10.4,#N/A,#N/A,#N/A,#N/A
1968-06-30 0:00,#N/A,#N/A,53.5,47.8,7.6,10.6,#N/A,#N/A,#N/A,#N/A
1968-05-31 0:00,#N/A,#N/A,55.3,42.4,7.7,9,#N/A,#N/A,#N/A,#N/A
1968-04-30 0:00,#N/A,#N/A,58,64.7,8.8,9.8,#N/A,#N/A,#N/A,#N/A
1968-03-31 0:00,#N/A,#N/A,53.8,32,10.5,12.8,#N/A,#N/A,#N/A,#N/A
1968-02-29 0:00,#N/A,#N/A,55,33.8,10.4,13.2,#N/A,#N/A,#N/A,#N/A
1968-01-31 0:00,#N/A,#N/A,56.6,47.2,9.4,13.1,#N/A,#N/A,#N/A,#N/A
1967-12-31 0:00,#N/A,#N/A,55.6,30.8,7.1,11.6,#N/A,#N/A,#N/A,#N/A
1967-11-30 0:00,#N/A,#N/A,54.2,51,7.3,11.7,#N/A,#N/A,#N/A,#N/A
1967-10-31 0:00,#N/A,#N/A,54.1,78.1,5.9,8.2,#N/A,#N/A,#N/A,#N/A
1967-09-30 0:00,#N/A,#N/A,54.9,2.5,5.7,9.3,#N/A,#N/A,#N/A,#N/A
1967-08-31 0:00,#N/A,#N/A,52.2,38.1,5.2,9.6,#N/A,#N/A,#N/A,#N/A
1967-07-31 0:00,#N/A,#N/A,49.5,21.7,5,10.5,#N/A,#N/A,#N/A,#N/A
1967-06-30 0:00,#N/A,#N/A,46.8,21.6,5.2,9.8,#N/A,#N/A,#N/A,#N/A
1967-05-31 0:00,#N/A,#N/A,44.5,23.2,6.4,11.2,#N/A,#N/A,#N/A,#N/A
1967-04-30 0:00,#N/A,#N/A,42.8,15.1,7.1,13.2,#N/A,#N/A,#N/A,#N/A
1967-03-31 0:00,#N/A,#N/A,45.3,17.7,6.6,11.4,#N/A,#N/A,#N/A,#N/A
1967-02-28 0:00,#N/A,#N/A,47.6,21.3,6.7,11.6,#N/A,#N/A,#N/A,#N/A
1967-01-31 0:00,#N/A,#N/A,49.1,19.4,7.5,13.2,#N/A,#N/A,#N/A,#N/A
1966-12-31 0:00,#N/A,#N/A,52.4,#N/A,8.9,15.2,#N/A,#N/A,#N/A,#N/A
1966-11-30 0:00,#N/A,#N/A,53.7,#N/A,9.3,15.5,#N/A,#N/A,#N/A,#N/A
1966-10-31 0:00,#N/A,#N/A,57.2,#N/A,9.9,16.5,#N/A,#N/A,#N/A,#N/A
1966-09-30 0:00,#N/A,#N/A,58.7,#N/A,9.5,12.9,#N/A,#N/A,#N/A,#N/A
1966-08-31 0:00,#N/A,#N/A,58.5,#N/A,10.1,10.3,#N/A,#N/A,#N/A,#N/A
1966-07-31 0:00,#N/A,#N/A,60.3,#N/A,9.5,9.1,#N/A,#N/A,#N/A,#N/A
1966-06-30 0:00,#N/A,#N/A,59,#N/A,9.4,11,#N/A,#N/A,#N/A,#N/A
1966-05-31 0:00,#N/A,#N/A,57.7,#N/A,9.9,9.9,#N/A,#N/A,#N/A,#N/A
1966-04-30 0:00,#N/A,#N/A,64.2,#N/A,9.9,9,#N/A,#N/A,#N/A,#N/A
1966-03-31 0:00,#N/A,#N/A,65.7,#N/A,8.2,9.6,#N/A,#N/A,#N/A,#N/A
1966-02-28 0:00,#N/A,#N/A,65.5,#N/A,6.7,8.1,#N/A,#N/A,#N/A,#N/A
1966-01-31 0:00,#N/A,#N/A,65.8,#N/A,6,7.4,#N/A,#N/A,#N/A,#N/A
1965-12-31 0:00,#N/A,#N/A,62.8,#N/A,#N/A,#N/A,#N/A,#N/A,#N/A,#N/A
1965-11-30 0:00,#N/A,#N/A,59.4,#N/A,#N/A,#N/A,#N/A,#N/A,#N/A,#N/A
1965-10-31 0:00,#N/A,#N/A,58.6,#N/A,#N/A,#N/A,#N/A,#N/A,#N/A,#N/A
1965-09-30 0:00,#N/A,#N/A,61,#N/A,#N/A,#N/A,#N/A,#N/A,#N/A,#N/A
1965-08-31 0:00,#N/A,#N/A,58.1,#N/A,#N/A,#N/A,#N/A,#N/A,#N/A,#N/A
1965-07-31 0:00,#N/A,#N/A,58.1,#N/A,#N/A,#N/A,#N/A,#N/A,#N/A,#N/A
1965-06-30 0:00,#N/A,#N/A,58.7,#N/A,#N/A,#N/A,#N/A,#N/A,#N/A,#N/A
1965-05-31 0:00,#N/A,#N/A,61.3,#N/A,#N/A,#N/A,#N/A,#N/A,#N/A,#N/A
1965-04-30 0:00,#N/A,#N/A,62,#N/A,#N/A,#N/A,#N/A,#N/A,#N/A,#N/A
1965-03-31 0:00,#N/A,#N/A,64.9,#N/A,#N/A,#N/A,#N/A,#N/A,#N/A,#N/A
1965-02-28 0:00,#N/A,#N/A,62.1,#N/A,#N/A,#N/A,#N/A,#N/A,#N/A,#N/A
1965-01-31 0:00,#N/A,#N/A,61,#N/A,#N/A,#N/A,#N/A,#N/A,#N/A,#N/A
1964-12-31 0:00,#N/A,#N/A,62.4,#N/A,#N/A,#N/A,#N/A,#N/A,#N/A,#N/A
1964-11-30 0:00,#N/A,#N/A,61.8,#N/A,#N/A,#N/A,#N/A,#N/A,#N/A,#N/A
1964-10-31 0:00,#N/A,#N/A,60.7,#N/A,#N/A,#N/A,#N/A,#N/A,#N/A,#N/A
1964-09-30 0:00,#N/A,#N/A,63.3,#N/A,#N/A,#N/A,#N/A,#N/A,#N/A,#N/A
1964-08-31 0:00,#N/A,#N/A,63.3,#N/A,#N/A,#N/A,#N/A,#N/A,#N/A,#N/A
1964-07-31 0:00,#N/A,#N/A,62.9,#N/A,#N/A,#N/A,#N/A,#N/A,#N/A,#N/A
1964-06-30 0:00,#N/A,#N/A,60.1,#N/A,#N/A,#N/A,#N/A,#N/A,#N/A,#N/A
1964-05-31 0:00,#N/A,#N/A,58.7,#N/A,#N/A,#N/A,#N/A,#N/A,#N/A,#N/A
1964-04-30 0:00,#N/A,#N/A,59.2,#N/A,#N/A,#N/A,#N/A,#N/A,#N/A,#N/A
1964-03-31 0:00,#N/A,#N/A,60.2,#N/A,#N/A,#N/A,#N/A,#N/A,#N/A,#N/A
1964-02-29 0:00,#N/A,#N/A,57.9,#N/A,#N/A,#N/A,#N/A,#N/A,#N/A,#N/A
1964-01-31 0:00,#N/A,#N/A,57.1,#N/A,#N/A,#N/A,#N/A,#N/A,#N/A,#N/A
1963-12-31 0:00,#N/A,#N/A,54,#N/A,#N/A,#N/A,#N/A,#N/A,#N/A,#N/A
1963-11-30 0:00,#N/A,#N/A,57.5,#N/A,#N/A,#N/A,#N/A,#N/A,#N/A,#N/A
1963-10-31 0:00,#N/A,#N/A,57.7,#N/A,#N/A,#N/A,#N/A,#N/A,#N/A,#N/A
1963-09-30 0:00,#N/A,#N/A,56.9,#N/A,#N/A,#N/A,#N/A,#N/A,#N/A,#N/A
1963-08-31 0:00,#N/A,#N/A,55.1,#N/A,#N/A,#N/A,#N/A,#N/A,#N/A,#N/A
1963-07-31 0:00,#N/A,#N/A,55.5,#N/A,#N/A,#N/A,#N/A,#N/A,#N/A,#N/A
1963-06-30 0:00,#N/A,#N/A,58.2,#N/A,#N/A,#N/A,#N/A,#N/A,#N/A,#N/A
1963-05-31 0:00,#N/A,#N/A,59.8,#N/A,#N/A,#N/A,#N/A,#N/A,#N/A,#N/A
1963-04-30 0:00,#N/A,#N/A,57.6,#N/A,#N/A,#N/A,#N/A,#N/A,#N/A,#N/A
1963-03-31 0:00,#N/A,#N/A,54.7,#N/A,#N/A,#N/A,#N/A,#N/A,#N/A,#N/A
1963-02-28 0:00,#N/A,#N/A,55.1,#N/A,#N/A,#N/A,#N/A,#N/A,#N/A,#N/A
1963-01-31 0:00,#N/A,#N/A,55.2,#N/A,#N/A,#N/A,#N/A,#N/A,#N/A,#N/A
1962-12-31 0:00,#N/A,#N/A,57.2,#N/A,#N/A,#N/A,#N/A,#N/A,#N/A,#N/A
1962-11-30 0:00,#N/A,#N/A,53.8,#N/A,#N/A,#N/A,#N/A,#N/A,#N/A,#N/A
1962-10-31 0:00,#N/A,#N/A,51.2,#N/A,#N/A,#N/A,#N/A,#N/A,#N/A,#N/A
1962-09-30 0:00,#N/A,#N/A,50,#N/A,#N/A,#N/A,#N/A,#N/A,#N/A,#N/A
1962-08-31 0:00,#N/A,#N/A,49.5,#N/A,#N/A,#N/A,#N/A,#N/A,#N/A,#N/A
1962-07-31 0:00,#N/A,#N/A,51,#N/A,#N/A,#N/A,#N/A,#N/A,#N/A,#N/A
1962-06-30 0:00,#N/A,#N/A,50.8,#N/A,#N/A,#N/A,#N/A,#N/A,#N/A,#N/A
1962-05-31 0:00,#N/A,#N/A,52.2,#N/A,#N/A,#N/A,#N/A,#N/A,#N/A,#N/A
1962-04-30 0:00,#N/A,#N/A,55.1,#N/A,#N/A,#N/A,#N/A,#N/A,#N/A,#N/A
1962-03-31 0:00,#N/A,#N/A,60.6,#N/A,#N/A,#N/A,#N/A,#N/A,#N/A,#N/A
1962-02-28 0:00,#N/A,#N/A,61.1,#N/A,#N/A,#N/A,#N/A,#N/A,#N/A,#N/A
1962-01-31 0:00,#N/A,#N/A,60.9,#N/A,#N/A,#N/A,#N/A,#N/A,#N/A,#N/A
1961-12-31 0:00,#N/A,#N/A,64.2,#N/A,#N/A,#N/A,#N/A,#N/A,#N/A,#N/A
1961-11-30 0:00,#N/A,#N/A,59,#N/A,#N/A,#N/A,#N/A,#N/A,#N/A,#N/A
1961-10-31 0:00,#N/A,#N/A,62.2,#N/A,#N/A,#N/A,#N/A,#N/A,#N/A,#N/A
1961-09-30 0:00,#N/A,#N/A,63,#N/A,#N/A,#N/A,#N/A,#N/A,#N/A,#N/A
1961-08-31 0:00,#N/A,#N/A,60.7,#N/A,#N/A,#N/A,#N/A,#N/A,#N/A,#N/A
1961-07-31 0:00,#N/A,#N/A,58.2,#N/A,#N/A,#N/A,#N/A,#N/A,#N/A,#N/A
1961-06-30 0:00,#N/A,#N/A,58.1,#N/A,#N/A,#N/A,#N/A,#N/A,#N/A,#N/A
1961-05-31 0:00,#N/A,#N/A,58.9,#N/A,#N/A,#N/A,#N/A,#N/A,#N/A,#N/A
1961-04-30 0:00,#N/A,#N/A,57.6,#N/A,#N/A,#N/A,#N/A,#N/A,#N/A,#N/A
1961-03-31 0:00,#N/A,#N/A,49.1,#N/A,#N/A,#N/A,#N/A,#N/A,#N/A,#N/A
1961-02-28 0:00,#N/A,#N/A,43.6,#N/A,#N/A,#N/A,#N/A,#N/A,#N/A,#N/A
1961-01-31 0:00,#N/A,#N/A,43.9,#N/A,#N/A,#N/A,#N/A,#N/A,#N/A,#N/A
1960-12-31 0:00,#N/A,#N/A,44.3,#N/A,#N/A,#N/A,#N/A,#N/A,#N/A,#N/A
1960-11-30 0:00,#N/A,#N/A,44.3,#N/A,#N/A,#N/A,#N/A,#N/A,#N/A,#N/A
1960-10-31 0:00,#N/A,#N/A,46,#N/A,#N/A,#N/A,#N/A,#N/A,#N/A,#N/A
1960-09-30 0:00,#N/A,#N/A,45.4,#N/A,#N/A,#N/A,#N/A,#N/A,#N/A,#N/A
1960-08-31 0:00,#N/A,#N/A,47.6,#N/A,#N/A,#N/A,#N/A,#N/A,#N/A,#N/A
1960-07-31 0:00,#N/A,#N/A,43.7,#N/A,#N/A,#N/A,#N/A,#N/A,#N/A,#N/A
1960-06-30 0:00,#N/A,#N/A,44.4,#N/A,#N/A,#N/A,#N/A,#N/A,#N/A,#N/A
1960-05-31 0:00,#N/A,#N/A,42.6,#N/A,#N/A,#N/A,#N/A,#N/A,#N/A,#N/A
1960-04-30 0:00,#N/A,#N/A,45.3,#N/A,#N/A,#N/A,#N/A,#N/A,#N/A,#N/A
1960-03-31 0:00,#N/A,#N/A,47.8,#N/A,#N/A,#N/A,#N/A,#N/A,#N/A,#N/A
1960-02-29 0:00,#N/A,#N/A,52.3,#N/A,#N/A,#N/A,#N/A,#N/A,#N/A,#N/A
1960-01-31 0:00,#N/A,#N/A,61.5,#N/A,#N/A,#N/A,#N/A,#N/A,#N/A,#N/A
1959-12-31 0:00,#N/A,#N/A,58.2,#N/A,#N/A,#N/A,#N/A,#N/A,#N/A,#N/A
1959-11-30 0:00,#N/A,#N/A,50.6,#N/A,#N/A,#N/A,#N/A,#N/A,#N/A,#N/A
1959-10-31 0:00,#N/A,#N/A,49.7,#N/A,#N/A,#N/A,#N/A,#N/A,#N/A,#N/A
1959-09-30 0:00,#N/A,#N/A,48.3,#N/A,#N/A,#N/A,#N/A,#N/A,#N/A,#N/A
1959-08-31 0:00,#N/A,#N/A,55.1,#N/A,#N/A,#N/A,#N/A,#N/A,#N/A,#N/A
1959-07-31 0:00,#N/A,#N/A,61.5,#N/A,#N/A,#N/A,#N/A,#N/A,#N/A,#N/A
1959-06-30 0:00,#N/A,#N/A,64.4,#N/A,#N/A,#N/A,#N/A,#N/A,#N/A,#N/A
1959-05-31 0:00,#N/A,#N/A,68.2,#N/A,#N/A,#N/A,#N/A,#N/A,#N/A,#N/A
1959-04-30 0:00,#N/A,#N/A,66.9,#N/A,#N/A,#N/A,#N/A,#N/A,#N/A,#N/A
1959-03-31 0:00,#N/A,#N/A,67.1,#N/A,#N/A,#N/A,#N/A,#N/A,#N/A,#N/A
1959-02-28 0:00,#N/A,#N/A,66.9,#N/A,#N/A,#N/A,#N/A,#N/A,#N/A,#N/A
1959-01-31 0:00,#N/A,#N/A,64.4,#N/A,#N/A,#N/A,#N/A,#N/A,#N/A,#N/A
1958-12-31 0:00,#N/A,#N/A,60.5,#N/A,#N/A,#N/A,#N/A,#N/A,#N/A,#N/A
1958-11-30 0:00,#N/A,#N/A,62.7,#N/A,#N/A,#N/A,#N/A,#N/A,#N/A,#N/A
1958-10-31 0:00,#N/A,#N/A,62.3,#N/A,#N/A,#N/A,#N/A,#N/A,#N/A,#N/A
1958-09-30 0:00,#N/A,#N/A,59.8,#N/A,#N/A,#N/A,#N/A,#N/A,#N/A,#N/A
1958-08-31 0:00,#N/A,#N/A,57.3,#N/A,#N/A,#N/A,#N/A,#N/A,#N/A,#N/A
1958-07-31 0:00,#N/A,#N/A,54.7,#N/A,#N/A,#N/A,#N/A,#N/A,#N/A,#N/A
1958-06-30 0:00,#N/A,#N/A,51.4,#N/A,#N/A,#N/A,#N/A,#N/A,#N/A,#N/A
1958-05-31 0:00,#N/A,#N/A,46.6,#N/A,#N/A,#N/A,#N/A,#N/A,#N/A,#N/A
1958-04-30 0:00,#N/A,#N/A,39.1,#N/A,#N/A,#N/A,#N/A,#N/A,#N/A,#N/A
1958-03-31 0:00,#N/A,#N/A,39.8,#N/A,#N/A,#N/A,#N/A,#N/A,#N/A,#N/A
1958-02-28 0:00,#N/A,#N/A,37.2,#N/A,#N/A,#N/A,#N/A,#N/A,#N/A,#N/A
1958-01-31 0:00,#N/A,#N/A,33.4,#N/A,#N/A,#N/A,#N/A,#N/A,#N/A,#N/A
1957-12-31 0:00,#N/A,#N/A,36.8,#N/A,#N/A,#N/A,#N/A,#N/A,#N/A,#N/A
1957-11-30 0:00,#N/A,#N/A,40.4,#N/A,#N/A,#N/A,#N/A,#N/A,#N/A,#N/A
1957-10-31 0:00,#N/A,#N/A,41.1,#N/A,#N/A,#N/A,#N/A,#N/A,#N/A,#N/A
1957-09-30 0:00,#N/A,#N/A,45.8,#N/A,#N/A,#N/A,#N/A,#N/A,#N/A,#N/A
1957-08-31 0:00,#N/A,#N/A,45.3,#N/A,#N/A,#N/A,#N/A,#N/A,#N/A,#N/A
1957-07-31 0:00,#N/A,#N/A,45.7,#N/A,#N/A,#N/A,#N/A,#N/A,#N/A,#N/A
1957-06-30 0:00,#N/A,#N/A,45.9,#N/A,#N/A,#N/A,#N/A,#N/A,#N/A,#N/A
1957-05-31 0:00,#N/A,#N/A,43.4,#N/A,#N/A,#N/A,#N/A,#N/A,#N/A,#N/A
1957-04-30 0:00,#N/A,#N/A,43.1,#N/A,#N/A,#N/A,#N/A,#N/A,#N/A,#N/A
1957-03-31 0:00,#N/A,#N/A,47.5,#N/A,#N/A,#N/A,#N/A,#N/A,#N/A,#N/A
1957-02-28 0:00,#N/A,#N/A,51,#N/A,#N/A,#N/A,#N/A,#N/A,#N/A,#N/A
1957-01-31 0:00,#N/A,#N/A,53.6,#N/A,#N/A,#N/A,#N/A,#N/A,#N/A,#N/A
1956-12-31 0:00,#N/A,#N/A,52.7,#N/A,#N/A,#N/A,#N/A,#N/A,#N/A,#N/A
1956-11-30 0:00,#N/A,#N/A,55,#N/A,#N/A,#N/A,#N/A,#N/A,#N/A,#N/A
1956-10-31 0:00,#N/A,#N/A,52.7,#N/A,#N/A,#N/A,#N/A,#N/A,#N/A,#N/A
1956-09-30 0:00,#N/A,#N/A,55.5,#N/A,#N/A,#N/A,#N/A,#N/A,#N/A,#N/A
1956-08-31 0:00,#N/A,#N/A,51.5,#N/A,#N/A,#N/A,#N/A,#N/A,#N/A,#N/A
1956-07-31 0:00,#N/A,#N/A,44.2,#N/A,#N/A,#N/A,#N/A,#N/A,#N/A,#N/A
1956-06-30 0:00,#N/A,#N/A,47.7,#N/A,#N/A,#N/A,#N/A,#N/A,#N/A,#N/A
1956-05-31 0:00,#N/A,#N/A,51.2,#N/A,#N/A,#N/A,#N/A,#N/A,#N/A,#N/A
1956-04-30 0:00,#N/A,#N/A,55.9,#N/A,#N/A,#N/A,#N/A,#N/A,#N/A,#N/A
1956-03-31 0:00,#N/A,#N/A,57.2,#N/A,#N/A,#N/A,#N/A,#N/A,#N/A,#N/A
1956-02-29 0:00,#N/A,#N/A,58.2,#N/A,#N/A,#N/A,#N/A,#N/A,#N/A,#N/A
1956-01-31 0:00,#N/A,#N/A,60.2,#N/A,#N/A,#N/A,#N/A,#N/A,#N/A,#N/A
1955-12-31 0:00,#N/A,#N/A,65.6,#N/A,#N/A,#N/A,#N/A,#N/A,#N/A,#N/A
1955-11-30 0:00,#N/A,#N/A,62,#N/A,#N/A,#N/A,#N/A,#N/A,#N/A,#N/A
1955-10-31 0:00,#N/A,#N/A,63.7,#N/A,#N/A,#N/A,#N/A,#N/A,#N/A,#N/A
1955-09-30 0:00,#N/A,#N/A,62.4,#N/A,#N/A,#N/A,#N/A,#N/A,#N/A,#N/A
1955-08-31 0:00,#N/A,#N/A,64.8,#N/A,#N/A,#N/A,#N/A,#N/A,#N/A,#N/A
1955-07-31 0:00,#N/A,#N/A,66.2,#N/A,#N/A,#N/A,#N/A,#N/A,#N/A,#N/A
1955-06-30 0:00,#N/A,#N/A,63.3,#N/A,#N/A,#N/A,#N/A,#N/A,#N/A,#N/A
1955-05-31 0:00,#N/A,#N/A,69.5,#N/A,#N/A,#N/A,#N/A,#N/A,#N/A,#N/A
1955-04-30 0:00,#N/A,#N/A,68.7,#N/A,#N/A,#N/A,#N/A,#N/A,#N/A,#N/A
1955-03-31 0:00,#N/A,#N/A,67.5,#N/A,#N/A,#N/A,#N/A,#N/A,#N/A,#N/A
1955-02-28 0:00,#N/A,#N/A,67.8,#N/A,#N/A,#N/A,#N/A,#N/A,#N/A,#N/A
1955-01-31 0:00,#N/A,#N/A,63,#N/A,#N/A,#N/A,#N/A,#N/A,#N/A,#N/A
1954-12-31 0:00,#N/A,#N/A,63.8,#N/A,#N/A,#N/A,#N/A,#N/A,#N/A,#N/A
1954-11-30 0:00,#N/A,#N/A,58.8,#N/A,#N/A,#N/A,#N/A,#N/A,#N/A,#N/A
1954-10-31 0:00,#N/A,#N/A,58.2,#N/A,#N/A,#N/A,#N/A,#N/A,#N/A,#N/A
1954-09-30 0:00,#N/A,#N/A,53.5,#N/A,#N/A,#N/A,#N/A,#N/A,#N/A,#N/A
1954-08-31 0:00,#N/A,#N/A,54.4,#N/A,#N/A,#N/A,#N/A,#N/A,#N/A,#N/A
1954-07-31 0:00,#N/A,#N/A,51.7,#N/A,#N/A,#N/A,#N/A,#N/A,#N/A,#N/A
1954-06-30 0:00,#N/A,#N/A,52.1,#N/A,#N/A,#N/A,#N/A,#N/A,#N/A,#N/A
1954-05-31 0:00,#N/A,#N/A,50.1,#N/A,#N/A,#N/A,#N/A,#N/A,#N/A,#N/A
1954-04-30 0:00,#N/A,#N/A,47.7,#N/A,#N/A,#N/A,#N/A,#N/A,#N/A,#N/A
1954-03-31 0:00,#N/A,#N/A,44.7,#N/A,#N/A,#N/A,#N/A,#N/A,#N/A,#N/A
1954-02-28 0:00,#N/A,#N/A,40.7,#N/A,#N/A,#N/A,#N/A,#N/A,#N/A,#N/A
1954-01-31 0:00,#N/A,#N/A,37.4,#N/A,#N/A,#N/A,#N/A,#N/A,#N/A,#N/A
1953-12-31 0:00,#N/A,#N/A,35.6,#N/A,#N/A,#N/A,#N/A,#N/A,#N/A,#N/A
1953-11-30 0:00,#N/A,#N/A,36.9,#N/A,#N/A,#N/A,#N/A,#N/A,#N/A,#N/A
1953-10-31 0:00,#N/A,#N/A,37.4,#N/A,#N/A,#N/A,#N/A,#N/A,#N/A,#N/A
1953-09-30 0:00,#N/A,#N/A,40.2,#N/A,#N/A,#N/A,#N/A,#N/A,#N/A,#N/A
1953-08-31 0:00,#N/A,#N/A,43.5,#N/A,#N/A,#N/A,#N/A,#N/A,#N/A,#N/A
1953-07-31 0:00,#N/A,#N/A,46.3,#N/A,#N/A,#N/A,#N/A,#N/A,#N/A,#N/A
1953-06-30 0:00,#N/A,#N/A,48.5,#N/A,#N/A,#N/A,#N/A,#N/A,#N/A,#N/A
1953-05-31 0:00,#N/A,#N/A,48.9,#N/A,#N/A,#N/A,#N/A,#N/A,#N/A,#N/A
1953-04-30 0:00,#N/A,#N/A,51.1,#N/A,#N/A,#N/A,#N/A,#N/A,#N/A,#N/A
1953-03-31 0:00,#N/A,#N/A,50.5,#N/A,#N/A,#N/A,#N/A,#N/A,#N/A,#N/A
1953-02-28 0:00,#N/A,#N/A,55.4,#N/A,#N/A,#N/A,#N/A,#N/A,#N/A,#N/A
1953-01-31 0:00,#N/A,#N/A,59.4,#N/A,#N/A,#N/A,#N/A,#N/A,#N/A,#N/A
1952-12-31 0:00,#N/A,#N/A,55.8,#N/A,#N/A,#N/A,#N/A,#N/A,#N/A,#N/A
1952-11-30 0:00,#N/A,#N/A,56.8,#N/A,#N/A,#N/A,#N/A,#N/A,#N/A,#N/A
1952-10-31 0:00,#N/A,#N/A,56.2,#N/A,#N/A,#N/A,#N/A,#N/A,#N/A,#N/A
1952-09-30 0:00,#N/A,#N/A,56.1,#N/A,#N/A,#N/A,#N/A,#N/A,#N/A,#N/A
1952-08-31 0:00,#N/A,#N/A,60.4,#N/A,#N/A,#N/A,#N/A,#N/A,#N/A,#N/A
1952-07-31 0:00,#N/A,#N/A,48.3,#N/A,#N/A,#N/A,#N/A,#N/A,#N/A,#N/A
1952-06-30 0:00,#N/A,#N/A,43.3,#N/A,#N/A,#N/A,#N/A,#N/A,#N/A,#N/A
1952-05-31 0:00,#N/A,#N/A,39.5,#N/A,#N/A,#N/A,#N/A,#N/A,#N/A,#N/A
1952-04-30 0:00,#N/A,#N/A,36.7,#N/A,#N/A,#N/A,#N/A,#N/A,#N/A,#N/A
1952-03-31 0:00,#N/A,#N/A,40,#N/A,#N/A,#N/A,#N/A,#N/A,#N/A,#N/A
1952-02-29 0:00,#N/A,#N/A,41.8,#N/A,#N/A,#N/A,#N/A,#N/A,#N/A,#N/A
1952-01-31 0:00,#N/A,#N/A,44.7,#N/A,#N/A,#N/A,#N/A,#N/A,#N/A,#N/A
1951-12-31 0:00,#N/A,#N/A,46.5,#N/A,#N/A,#N/A,#N/A,#N/A,#N/A,#N/A
1951-11-30 0:00,#N/A,#N/A,47.2,#N/A,#N/A,#N/A,#N/A,#N/A,#N/A,#N/A
1951-10-31 0:00,#N/A,#N/A,49.6,#N/A,#N/A,#N/A,#N/A,#N/A,#N/A,#N/A
1951-09-30 0:00,#N/A,#N/A,48.1,#N/A,#N/A,#N/A,#N/A,#N/A,#N/A,#N/A
1951-08-31 0:00,#N/A,#N/A,43.6,#N/A,#N/A,#N/A,#N/A,#N/A,#N/A,#N/A
1951-07-31 0:00,#N/A,#N/A,42.1,#N/A,#N/A,#N/A,#N/A,#N/A,#N/A,#N/A
1951-06-30 0:00,#N/A,#N/A,45.5,#N/A,#N/A,#N/A,#N/A,#N/A,#N/A,#N/A
1951-05-31 0:00,#N/A,#N/A,50.7,#N/A,#N/A,#N/A,#N/A,#N/A,#N/A,#N/A
1951-04-30 0:00,#N/A,#N/A,53.5,#N/A,#N/A,#N/A,#N/A,#N/A,#N/A,#N/A
1951-03-31 0:00,#N/A,#N/A,65.5,#N/A,#N/A,#N/A,#N/A,#N/A,#N/A,#N/A
1951-02-28 0:00,#N/A,#N/A,69.3,#N/A,#N/A,#N/A,#N/A,#N/A,#N/A,#N/A
1951-01-31 0:00,#N/A,#N/A,67.8,#N/A,#N/A,#N/A,#N/A,#N/A,#N/A,#N/A
1950-12-31 0:00,#N/A,#N/A,67.1,#N/A,#N/A,#N/A,#N/A,#N/A,#N/A,#N/A
1950-11-30 0:00,#N/A,#N/A,63.1,#N/A,#N/A,#N/A,#N/A,#N/A,#N/A,#N/A
1950-10-31 0:00,#N/A,#N/A,59.2,#N/A,#N/A,#N/A,#N/A,#N/A,#N/A,#N/A
1950-09-30 0:00,#N/A,#N/A,68.1,#N/A,#N/A,#N/A,#N/A,#N/A,#N/A,#N/A
1950-08-31 0:00,#N/A,#N/A,75.8,#N/A,#N/A,#N/A,#N/A,#N/A,#N/A,#N/A
1950-07-31 0:00,#N/A,#N/A,77.5,#N/A,#N/A,#N/A,#N/A,#N/A,#N/A,#N/A
1950-06-30 0:00,#N/A,#N/A,76.6,#N/A,#N/A,#N/A,#N/A,#N/A,#N/A,#N/A
1950-05-31 0:00,#N/A,#N/A,74.7,#N/A,#N/A,#N/A,#N/A,#N/A,#N/A,#N/A
1950-04-30 0:00,#N/A,#N/A,68.1,#N/A,#N/A,#N/A,#N/A,#N/A,#N/A,#N/A
1950-03-31 0:00,#N/A,#N/A,62.1,#N/A,#N/A,#N/A,#N/A,#N/A,#N/A,#N/A
1950-02-28 0:00,#N/A,#N/A,60.5,#N/A,#N/A,#N/A,#N/A,#N/A,#N/A,#N/A
1950-01-31 0:00,#N/A,#N/A,59.1,#N/A,#N/A,#N/A,#N/A,#N/A,#N/A,#N/A
1949-12-31 0:00,#N/A,#N/A,57.3,#N/A,#N/A,#N/A,#N/A,#N/A,#N/A,#N/A
1949-11-30 0:00,#N/A,#N/A,51,#N/A,#N/A,#N/A,#N/A,#N/A,#N/A,#N/A
1949-10-31 0:00,#N/A,#N/A,51,#N/A,#N/A,#N/A,#N/A,#N/A,#N/A,#N/A
1949-09-30 0:00,#N/A,#N/A,52.3,#N/A,#N/A,#N/A,#N/A,#N/A,#N/A,#N/A
1949-08-31 0:00,#N/A,#N/A,47,#N/A,#N/A,#N/A,#N/A,#N/A,#N/A,#N/A
1949-07-31 0:00,#N/A,#N/A,39,#N/A,#N/A,#N/A,#N/A,#N/A,#N/A,#N/A
1949-06-30 0:00,#N/A,#N/A,31.6,#N/A,#N/A,#N/A,#N/A,#N/A,#N/A,#N/A
1949-05-31 0:00,#N/A,#N/A,32.6,#N/A,#N/A,#N/A,#N/A,#N/A,#N/A,#N/A
1949-04-30 0:00,#N/A,#N/A,35.5,#N/A,#N/A,#N/A,#N/A,#N/A,#N/A,#N/A
1949-03-31 0:00,#N/A,#N/A,34.5,#N/A,#N/A,#N/A,#N/A,#N/A,#N/A,#N/A
1949-02-28 0:00,#N/A,#N/A,31.3,#N/A,#N/A,#N/A,#N/A,#N/A,#N/A,#N/A
1949-01-31 0:00,#N/A,#N/A,32.9,#N/A,#N/A,#N/A,#N/A,#N/A,#N/A,#N/A
1948-12-31 0:00,#N/A,#N/A,35,#N/A,#N/A,#N/A,#N/A,#N/A,#N/A,#N/A
1948-11-30 0:00,#N/A,#N/A,42.4,#N/A,#N/A,#N/A,#N/A,#N/A,#N/A,#N/A
1948-10-31 0:00,#N/A,#N/A,47.2,#N/A,#N/A,#N/A,#N/A,#N/A,#N/A,#N/A
1948-09-30 0:00,#N/A,#N/A,42.1,#N/A,#N/A,#N/A,#N/A,#N/A,#N/A,#N/A
1948-08-31 0:00,#N/A,#N/A,45.1,#N/A,#N/A,#N/A,#N/A,#N/A,#N/A,#N/A
1948-07-31 0:00,#N/A,#N/A,48.4,#N/A,#N/A,#N/A,#N/A,#N/A,#N/A,#N/A
1948-06-30 0:00,#N/A,#N/A,53,#N/A,#N/A,#N/A,#N/A,#N/A,#N/A,#N/A
1948-05-31 0:00,#N/A,#N/A,49.5,#N/A,#N/A,#N/A,#N/A,#N/A,#N/A,#N/A
1948-04-30 0:00,#N/A,#N/A,45.4,#N/A,#N/A,#N/A,#N/A,#N/A,#N/A,#N/A
1948-03-31 0:00,#N/A,#N/A,43.3,#N/A,#N/A,#N/A,#N/A,#N/A,#N/A,#N/A
1948-02-29 0:00,#N/A,#N/A,50.2,#N/A,#N/A,#N/A,#N/A,#N/A,#N/A,#N/A
1948-01-31 0:00,#N/A,#N/A,51.7,#N/A,#N/A,#N/A,#N/A,#N/A,#N/A,#N/A
